"Time (s)","Latitude (°)","Longitude (°)","Height (m)","Velocity (m/s)","Direction (°)","Horizontal Accuracy (m)","Vertical Accuracy (m)"
0.000000000E0,5.233353150E1,4.865274000E0,1.670216978E0,NaN,NaN,2.646299934E1,6.609634399E0
5.899504560E0,5.233346902E1,4.865227297E0,4.185176511E0,0.000000000E0,NaN,2.174447632E1,3.224261475E1
6.899572229E0,5.233351428E1,4.865225185E0,1.099151256E0,0.000000000E0,NaN,8.860891342E0,1.056926346E1
7.916700037E0,5.233353721E1,4.865234226E0,2.699508376E0,0.000000000E0,NaN,7.271296978E0,5.417422771E0
9.017861251E0,5.233354286E1,4.865242060E0,2.978730389E0,7.444298863E-1,7.205534363E1,5.897840500E0,4.115841866E0
1.001947258E1,5.233353700E1,4.865255017E0,2.983938108E0,6.257433891E-1,1.052272186E2,8.842135429E0,3.354947567E0
1.102720069E1,5.233353078E1,4.865272740E0,2.679969691E0,7.566962242E-1,9.592760468E1,9.035759926E0,3.000000000E0
1.203256784E1,5.233352808E1,4.865296521E0,1.869213746E0,1.484278798E0,8.769506073E1,9.038021088E0,3.000000000E0
1.302295224E1,5.233352904E1,4.865330359E0,1.529112035E0,2.081872702E0,1.001709518E2,9.040281296E0,3.000000000E0
1.402801356E1,5.233353023E1,4.865374372E0,1.514470455E0,2.450686932E0,9.661972046E1,9.329421997E0,3.000000000E0
1.501653004E1,5.233353271E1,4.865421924E0,1.538065920E0,2.923295498E0,9.924562073E1,9.000861168E0,3.000000000E0
1.602823992E1,5.233353011E1,4.865469921E0,1.477511673E0,2.825335026E0,9.494136810E1,8.903222084E0,3.000000000E0
1.702565634E1,5.233352812E1,4.865513754E0,1.103529133E0,3.284061193E0,8.637550354E1,8.905867577E0,3.000000000E0
1.802821245E1,5.233353023E1,4.865566211E0,9.713211323E-1,3.929311037E0,9.128404236E1,8.908576965E0,3.000000000E0
1.902391985E1,5.233352961E1,4.865629065E0,1.114537578E0,4.789579868E0,8.918627930E1,9.351427078E0,3.000000000E0
2.001719894E1,5.233352942E1,4.865704141E0,1.222685159E0,5.423728466E0,9.079404449E1,8.918252945E0,3.000000000E0
2.101748911E1,5.233353093E1,4.865795764E0,1.396884995E0,6.151754856E0,8.735607910E1,6.660493851E0,3.000000000E0
2.201672706E1,5.233353306E1,4.865887126E0,1.197961153E0,6.357797146E0,8.218966675E1,7.319773674E0,3.000000000E0
2.302751336E1,5.233354896E1,4.865981784E0,1.253560981E0,6.297881603E0,7.894696045E1,5.286014080E0,3.000000000E0
2.401732102E1,5.233356819E1,4.866069889E0,1.365188057E0,5.997376919E0,7.453483582E1,6.680766106E0,3.000000000E0
2.502728216E1,5.233358230E1,4.866153960E0,1.512164153E0,5.625409603E0,7.806697845E1,6.680247784E0,3.000000000E0
2.602295106E1,5.233359734E1,4.866236241E0,1.607054867E0,5.041707993E0,8.789308167E1,6.679729462E0,3.000000000E0
2.702331239E1,5.233360050E1,4.866305626E0,1.760053682E0,4.767790318E0,9.540358734E1,6.679209709E0,3.000000000E0
2.802304876E1,5.233359909E1,4.866375205E0,1.704674440E0,4.316743374E0,9.682864380E1,6.678690910E0,3.000000000E0
2.902845017E1,5.233359889E1,4.866439573E0,1.659907004E0,4.286147594E0,9.224138641E1,6.678172112E0,3.000000000E0
3.001918756E1,5.233359987E1,4.866502598E0,1.555616865E0,4.178698540E0,8.890602875E1,6.677654266E0,3.000000000E0
3.102821360E1,5.233360469E1,4.866569133E0,1.556857795E0,4.404369831E0,8.440229034E1,6.677135944E0,3.000000000E0
3.202025372E1,5.233360957E1,4.866634732E0,1.495162033E0,4.427996159E0,8.128313446E1,6.676617146E0,3.000000000E0
3.301790924E1,5.233361323E1,4.866698615E0,1.502412773E0,4.071527004E0,8.562971497E1,4.591045856E0,3.000000000E0
3.402551784E1,5.233361615E1,4.866758362E0,1.394008455E0,3.947297096E0,8.692719269E1,5.281926155E0,3.000000000E0
3.501262880E1,5.233361824E1,4.866817467E0,1.445575069E0,3.857937813E0,8.601781464E1,6.675065041E0,3.000000000E0
3.602188824E1,5.233361971E1,4.866870851E0,1.358363322E0,3.722326040E0,8.615177155E1,5.281186104E0,3.000000000E0
3.702253363E1,5.233362154E1,4.866930023E0,1.123889949E0,4.356511116E0,8.719774628E1,5.280816078E0,3.000000000E0
3.801781504E1,5.233362335E1,4.866994868E0,1.144344414E0,4.538442612E0,8.973091125E1,4.649186134E0,3.000000000E0
3.901769208E1,5.233362273E1,4.867061837E0,1.129641703E0,3.929432154E0,9.422920227E1,5.716004848E0,3.000000000E0
4.002036269E1,5.233361933E1,4.867126558E0,1.109284013E0,4.131904602E0,9.222888947E1,5.989091396E0,3.000000000E0
4.102280707E1,5.233361775E1,4.867190994E0,9.728881753E-1,4.305471420E0,8.771670532E1,5.715978622E0,3.000000000E0
4.202710651E1,5.233361737E1,4.867254063E0,1.342591019E0,4.167920589E0,8.691977692E1,4.614418983E0,3.000000000E0
4.301520583E1,5.233361875E1,4.867310786E0,1.783025087E0,3.170508146E0,7.630015564E1,5.344843864E0,3.000000000E0
4.402068626E1,5.233362337E1,4.867352412E0,1.875193855E0,3.593576431E0,7.117190552E1,4.505948544E0,3.000000000E0
4.502071145E1,5.233363727E1,4.867403154E0,1.857765739E0,3.850338936E0,6.498819733E1,4.513040066E0,3.000000000E0
4.601432636E1,5.233365584E1,4.867465270E0,1.980358214E0,4.383249760E0,6.450106812E1,4.334297657E0,3.000000000E0
4.701535867E1,5.233367537E1,4.867532557E0,3.261884680E0,3.904857874E0,8.336117554E1,4.181795597E0,3.000000000E0
4.801842125E1,5.233367484E1,4.867586846E0,2.092557906E0,4.101832867E0,8.967205811E1,4.648241043E0,3.000000000E0
4.902026484E1,5.233365696E1,4.867642447E0,2.217350651E0,4.154167175E0,8.952205658E1,6.784887791E0,3.000000000E0
5.001418004E1,5.233365398E1,4.867696794E0,3.953228145E0,3.764566898E0,9.284068298E1,9.475573540E0,3.000000000E0
5.102047752E1,5.233365403E1,4.867755564E0,5.050360379E0,3.002236843E0,9.360509491E1,7.274880886E0,3.000000000E0
5.201947516E1,5.233365074E1,4.867804447E0,5.356267893E0,2.930626154E0,8.579283905E1,7.047386169E0,3.000000000E0
5.302318093E1,5.233364783E1,4.867862616E0,6.837619474E0,3.642662525E0,8.796038818E1,8.006286621E0,3.000000000E0
5.401870645E1,5.233365039E1,4.867920711E0,6.674295932E0,3.624979973E0,8.958581543E1,8.723278999E0,3.000000000E0
5.501735753E1,5.233364831E1,4.867976575E0,7.214476667E0,3.524517059E0,1.025285797E2,8.723153114E0,3.000000000E0
5.601878339E1,5.233365009E1,4.868015872E0,6.899833937E0,3.442256927E0,8.835797882E1,8.825342178E0,3.000000000E0
5.702048953E1,5.233365987E1,4.868048435E0,6.772547156E0,4.101222515E0,8.531183624E1,6.485094547E0,3.000000000E0
5.802223754E1,5.233366150E1,4.868093291E0,6.594676505E0,3.738047838E0,9.427131653E1,7.976756573E0,3.000000000E0
5.901783088E1,5.233365310E1,4.868131693E0,6.087480001E0,3.518947124E0,8.967063904E1,5.404906273E0,3.000000000E0
6.001754593E1,5.233365166E1,4.868239123E0,6.068721663E0,2.159615040E0,9.601175690E1,1.012550449E1,3.000000000E0
6.102043179E1,5.233364316E1,4.868319708E0,4.170145350E0,2.986860991E0,8.860954285E1,1.012546158E1,3.000000000E0
6.202033548E1,5.233363537E1,4.868381138E0,2.750095984E0,3.811209202E0,8.275381470E1,7.391318798E0,3.000000000E0
6.301631766E1,5.233363635E1,4.868403108E0,3.085027529E0,2.607261181E0,7.650721741E1,7.392089367E0,3.000000000E0
6.402624214E1,5.233363639E1,4.868428216E0,2.811464332E0,4.473660469E0,1.003714447E2,6.302649975E0,3.000000000E0
6.501375846E1,5.233361387E1,4.868491830E0,1.982969626E0,3.466165066E0,1.533847961E2,4.929323673E0,3.000000000E0
6.602008495E1,5.233356960E1,4.868525451E0,1.654404915E0,3.711623669E0,1.746935425E2,4.888167858E0,3.000000000E0
6.702064766E1,5.233352879E1,4.868531334E0,1.822963696E0,4.222848892E0,1.849095154E2,4.646442890E0,3.000000000E0
6.801579239E1,5.233348688E1,4.868527726E0,1.264310456E0,4.345333099E0,1.874061890E2,4.715623856E0,3.000000000E0
6.902030049E1,5.233344058E1,4.868529371E0,1.313791213E0,4.594366074E0,1.806652679E2,4.715479851E0,3.000000000E0
7.001699503E1,5.233338997E1,4.868535726E0,1.401197269E0,4.460439205E0,1.817608795E2,4.646155357E0,3.000000000E0
7.101655244E1,5.233334701E1,4.868529721E0,1.510422992E0,4.506290436E0,1.817995300E2,5.087970734E0,3.000000000E0
7.202082881E1,5.233330603E1,4.868529000E0,1.228737491E0,4.504659653E0,1.795086823E2,4.645963192E0,3.000000000E0
7.301649304E1,5.233326366E1,4.868535769E0,1.359945457E0,4.782118797E0,1.764262543E2,4.645868301E0,3.000000000E0
7.401791426E1,5.233322471E1,4.868538033E0,1.232190238E0,4.674235344E0,1.758141785E2,4.645771980E0,3.000000000E0
7.501975744E1,5.233318202E1,4.868536625E0,1.112259976E0,4.632279873E0,1.772217102E2,4.645676613E0,3.000000000E0
7.601619905E1,5.233314395E1,4.868535406E0,8.590773466E-1,4.539038181E0,1.817353210E2,4.645580769E0,3.000000000E0
7.702468135E1,5.233310343E1,4.868534014E0,7.891375938E-1,4.552724838E0,1.805220337E2,4.645485401E0,3.000000000E0
7.801783089E1,5.233306348E1,4.868535106E0,7.902458626E-1,4.596187115E0,1.801130524E2,4.645389557E0,3.000000000E0
7.901947135E1,5.233302364E1,4.868536241E0,6.970272086E-1,4.422782421E0,1.791595764E2,4.645293713E0,3.000000000E0
8.001937976E1,5.233298436E1,4.868540568E0,7.442160573E-1,4.465276241E0,1.771898804E2,4.127683163E0,3.000000000E0
8.102319731E1,5.233294591E1,4.868539315E0,7.977255982E-1,4.277780056E0,1.819951477E2,4.334129810E0,3.000000000E0
8.201478219E1,5.233290744E1,4.868536670E0,6.974470611E-1,4.501835346E0,1.819270020E2,4.503403664E0,3.000000000E0
8.301813053E1,5.233286965E1,4.868535021E0,6.704130100E-1,4.168713093E0,1.819753876E2,4.644911766E0,3.000000000E0
8.402237785E1,5.233283183E1,4.868536895E0,5.732865231E-1,4.387115955E0,1.781024933E2,4.333885670E0,3.000000000E0
8.501521187E1,5.233279367E1,4.868539880E0,5.382419222E-1,4.214907169E0,1.742774200E2,4.333804131E0,3.000000000E0
8.602147620E1,5.233275616E1,4.868542147E0,5.574341065E-1,4.034446716E0,1.800289307E2,4.644625664E0,3.000000000E0
8.701750147E1,5.233271956E1,4.868541417E0,5.573238521E-1,3.990614653E0,1.834161530E2,4.644529819E0,3.000000000E0
8.802706588E1,5.233268508E1,4.868539254E0,5.985136545E-1,3.866009474E0,1.802796021E2,4.333559036E0,3.000000000E0
8.902206242E1,5.233265065E1,4.868539375E0,6.803954565E-1,4.216641903E0,1.781741028E2,4.644340038E0,3.000000000E0
9.002290206E1,5.233261282E1,4.868540945E0,5.206132861E-1,4.323612690E0,1.761046448E2,4.644244194E0,3.000000000E0
9.101979436E1,5.233257396E1,4.868542610E0,5.264139937E-1,4.327763081E0,1.782447357E2,4.644148827E0,3.000000000E0
9.201829863E1,5.233253121E1,4.868542809E0,4.812971643E-1,4.520092964E0,1.823479614E2,4.333232880E0,3.000000000E0
9.302166008E1,5.233249441E1,4.868542182E0,4.170383671E-1,3.826556444E0,1.777506866E2,4.643958569E0,3.000000000E0
9.402655823E1,5.233246828E1,4.868542021E0,4.424235711E-1,2.782208443E0,1.807661743E2,4.333068848E0,3.000000000E0
9.502061186E1,5.233244168E1,4.868542945E0,3.934152754E-1,3.082202673E0,1.818940430E2,4.332986832E0,3.000000000E0
9.601634750E1,5.233241222E1,4.868546735E0,3.729007242E-1,3.209700346E0,1.806324768E2,4.332905293E0,3.000000000E0
9.702684624E1,5.233238087E1,4.868546548E0,3.124934544E-1,3.327885389E0,1.825489807E2,4.332823277E0,3.000000000E0
9.802550233E1,5.233235146E1,4.868542779E0,2.778791658E-1,3.318215370E0,1.815122833E2,5.118006706E0,3.000000000E0
9.901993877E1,5.233232035E1,4.868541163E0,4.357998516E-1,3.397006750E0,1.776501923E2,4.332659721E0,3.000000000E0
1.000313903E2,5.233228892E1,4.868543570E0,5.558739474E-1,3.671460629E0,1.756821747E2,4.332577705E0,3.000000000E0
1.010192879E2,5.233225422E1,4.868546562E0,6.964160781E-1,3.970036030E0,1.715178528E2,4.332495689E0,3.000000000E0
1.020271183E2,5.233221245E1,4.868550634E0,5.377134371E-1,4.791923046E0,1.755519562E2,4.643103123E0,3.000000000E0
1.030236466E2,5.233216584E1,4.868554129E0,4.209141699E-1,5.486105442E0,1.770870514E2,4.332331657E0,3.000000000E0
1.040245857E2,5.233211620E1,4.868552753E0,2.886771101E-1,5.517357826E0,1.803895111E2,4.332249165E0,3.000000000E0
1.050166913E2,5.233206961E1,4.868550082E0,3.678395431E-1,5.150119781E0,1.803213043E2,4.332166672E0,3.000000000E0
1.060237625E2,5.233202458E1,4.868551331E0,4.175507049E-1,4.832762241E0,1.786821442E2,4.332085133E0,3.000000000E0
1.070138665E2,5.233198132E1,4.868558577E0,4.951433352E-1,4.731781960E0,1.743311920E2,4.232028961E0,3.000000000E0
1.080219260E2,5.233194040E1,4.868564020E0,5.937637733E-1,4.534375668E0,1.764940186E2,4.252109528E0,3.000000000E0
1.090271156E2,5.233190140E1,4.868558855E0,6.134144521E-1,4.247128963E0,1.858927307E2,4.477877617E0,3.000000000E0
1.100165235E2,5.233186648E1,4.868552755E0,6.225940509E-1,3.946067095E0,1.815281830E2,4.251901627E0,3.000000000E0
1.110357918E2,5.233183163E1,4.868554250E0,6.215977040E-1,3.931496859E0,1.780720825E2,4.130122662E0,3.000000000E0
1.120163135E2,5.233179410E1,4.868558243E0,5.476430534E-1,4.035004616E0,1.777618103E2,4.251694202E0,3.000000000E0
1.130229640E2,5.233175704E1,4.868562070E0,6.676064494E-1,4.175533295E0,1.812675476E2,4.251590252E0,3.000000000E0
1.140218305E2,5.233171849E1,4.868563090E0,4.860317164E-1,4.028310776E0,1.816193390E2,4.251486301E0,3.000000000E0
1.150348685E2,5.233168118E1,4.868563174E0,3.881882061E-1,4.526864529E0,1.790415802E2,4.477197647E0,3.000000000E0
1.160247532E2,5.233164129E1,4.868560631E0,3.247838093E-2,4.287247181E0,1.720930023E2,5.116208076E0,3.000000000E0
1.170347447E2,5.233160111E1,4.868553101E0,-1.935836546E-1,4.210483074E0,1.927767792E2,5.049818993E0,3.000000000E0
1.180287072E2,5.233156923E1,4.868534185E0,-8.880532515E-1,4.362739086E0,2.070575104E2,4.476857662E0,3.000000000E0
1.189620794E2,5.233153434E1,4.868492819E0,-3.854840142E-1,4.363256931E0,2.037584839E2,4.250966072E0,3.000000000E0
1.199632532E2,5.233149791E1,4.868463881E0,-1.402198012E-1,4.386959076E0,1.912330322E2,5.048452377E0,3.000000000E0
1.209724803E2,5.233146203E1,4.868454894E0,-8.458017500E-2,4.258722305E0,1.907348022E2,4.250757217E0,3.000000000E0
1.219665721E2,5.233142929E1,4.868450215E0,-7.544523694E-2,4.191805840E0,1.877619476E2,5.145473480E0,3.000000000E0
1.229619952E2,5.233139188E1,4.868453721E0,-1.584781510E-1,3.995464325E0,1.903722687E2,5.145045280E0,3.000000000E0
1.239735092E2,5.233135681E1,4.868444947E0,-3.005553854E-1,3.528106451E0,1.876896057E2,4.753318310E0,3.000000000E0
1.249619520E2,5.233132404E1,4.868440559E0,-4.226114960E-3,3.501876116E0,1.824622345E2,5.006986618E0,3.000000000E0
1.259618562E2,5.233129302E1,4.868441549E0,2.498167150E-1,2.920537710E0,1.740697937E2,5.634265900E0,3.000000000E0
1.269698923E2,5.233126964E1,4.868447913E0,8.086479545E-1,3.316812038E0,1.783251801E2,5.247397423E0,3.000000000E0
1.279675168E2,5.233124050E1,4.868450698E0,9.378132283E-1,3.282036781E0,1.736117401E2,5.247405052E0,3.000000000E0
1.289627652E2,5.233121075E1,4.868454321E0,1.018094773E0,3.437159777E0,1.764293060E2,4.713546753E0,3.000000000E0
1.299594481E2,5.233117582E1,4.868464163E0,1.058766130E0,3.448974848E0,1.751102753E2,5.634855270E0,3.000000000E0
1.309684842E2,5.233113947E1,4.868473774E0,6.689263884E-1,3.309088230E0,1.828225708E2,5.635004997E0,3.000000000E0
1.319654332E2,5.233110842E1,4.868469339E0,6.946570635E-1,3.267430544E0,1.852968597E2,5.635153770E0,3.000000000E0
1.329707147E2,5.233107772E1,4.868459498E0,5.865774368E-1,3.343978882E0,1.866438141E2,4.588794231E0,3.000000000E0
1.339720875E2,5.233104432E1,4.868450738E0,7.492160090E-1,3.322201490E0,1.815483856E2,5.635451794E0,3.000000000E0
1.349674923E2,5.233101612E1,4.868447473E0,1.009736978E0,3.238991022E0,1.818433380E2,5.635594845E0,3.000000000E0
1.359692493E2,5.233098733E1,4.868444013E0,1.070690627E0,3.271284342E0,1.790776825E2,5.635748863E0,3.000000000E0
1.369688258E2,5.233095750E1,4.868444917E0,1.027867071E0,2.976016283E0,1.789311829E2,5.635897636E0,3.000000000E0
1.379729973E2,5.233092397E1,4.868448944E0,7.110185420E-1,2.926544666E0,1.789807281E2,4.589895725E0,3.000000000E0
1.389667802E2,5.233089802E1,4.868459601E0,9.220106069E-1,3.020124197E0,1.811464081E2,4.590116501E0,3.000000000E0
1.399702436E2,5.233086751E1,4.868466612E0,8.754816121E-1,3.084793091E0,1.812026062E2,4.590337276E0,3.000000000E0
1.409645263E2,5.233083906E1,4.868466018E0,6.977054601E-1,3.129579782E0,1.930364532E2,4.590558052E0,3.000000000E0
1.419645175E2,5.233080976E1,4.868455567E0,3.764338440E-1,3.166436195E0,1.944346313E2,4.590778828E0,3.000000000E0
1.429695875E2,5.233078012E1,4.868456886E0,5.426450217E-1,3.303138256E0,1.737589264E2,4.839110851E0,3.000000000E0
1.439693457E2,5.233075080E1,4.868482578E0,4.898901805E-1,4.544327736E0,1.540000000E2,5.133278370E0,3.000000000E0
1.449674614E2,5.233072280E1,4.868534322E0,9.613111187E-1,4.065711975E0,1.376224670E2,5.133330345E0,3.000000000E0
1.459626083E2,5.233069271E1,4.868583749E0,9.266856921E-1,3.948353052E0,1.653893127E2,5.133378983E0,3.000000000E0
1.469655247E2,5.233065798E1,4.868593199E0,8.972134742E-1,3.277381897E0,1.856029816E2,4.582315445E0,3.000000000E0
1.479644579E2,5.233062345E1,4.868590559E0,1.350725417E0,3.566219330E0,1.816297302E2,4.500906467E0,3.000000000E0
1.489710644E2,5.233059312E1,4.868590138E0,2.059384807E0,3.702572107E0,1.853332825E2,4.638653278E0,3.000000000E0
1.499662288E2,5.233055880E1,4.868587533E0,2.334994589E0,3.392910957E0,1.839691315E2,4.582092285E0,3.000000000E0
1.509637659E2,5.233052929E1,4.868586277E0,2.593160863E0,3.170413733E0,1.815265503E2,3.910991907E0,3.000000000E0
1.519723792E2,5.233050404E1,4.868588539E0,2.677656467E0,2.621738672E0,1.766856842E2,4.154194355E0,3.000000000E0
1.529653441E2,5.233048114E1,4.868591124E0,2.804355613E0,2.933104992E0,1.827842255E2,4.154103279E0,3.000000000E0
1.539580742E2,5.233044725E1,4.868584851E0,2.383901521E0,3.180235624E0,1.874863281E2,4.154013634E0,3.000000000E0
1.549645988E2,5.233041829E1,4.868580415E0,2.525129396E0,3.153961897E0,1.881470337E2,4.153923512E0,3.000000000E0
1.559607446E2,5.233038014E1,4.868579546E0,2.672586280E0,3.669886589E0,1.799721985E2,4.153832912E0,3.000000000E0
1.569653640E2,5.233033921E1,4.868581774E0,2.651420344E0,4.167304993E0,1.790979767E2,4.153743267E0,3.000000000E0
1.579662325E2,5.233028439E1,4.868581453E0,2.259540606E0,5.107916832E0,1.848160400E2,3.910329580E0,3.000000000E0
1.589682382E2,5.233021213E1,4.868573960E0,1.737327478E0,5.780890942E0,1.833636780E2,3.910235167E0,3.000000000E0
1.599647299E2,5.233014150E1,4.868567124E0,1.563444557E0,6.501063347E0,1.829061279E2,3.910140038E0,3.000000000E0
1.609647092E2,5.233006896E1,4.868563632E0,9.169303729E-1,6.689560413E0,1.814346924E2,4.153379917E0,3.000000000E0
1.619612367E2,5.232999853E1,4.868563253E0,2.965862401E-1,6.646584034E0,1.807637024E2,3.909950495E0,3.000000000E0
1.629641251E2,5.232993583E1,4.868559778E0,-3.652422104E-2,6.227927685E0,1.799664612E2,3.746243715E0,3.000000000E0
1.639628999E2,5.232988243E1,4.868563642E0,-4.482844985E-1,5.418604851E0,1.819825439E2,3.909761429E0,3.000000000E0
1.649651980E2,5.232983809E1,4.868567581E0,1.244067014E-1,4.925289631E0,1.819985809E2,3.909667969E0,3.000000000E0
1.659694864E2,5.232979432E1,4.868569747E0,5.326581978E-1,4.561776161E0,1.847069244E2,4.152928352E0,3.000000000E0
1.669620750E2,5.232974820E1,4.868572762E0,7.612767988E-1,3.966306448E0,1.828428192E2,4.152840137E0,3.000000000E0
1.679657723E2,5.232970964E1,4.868578528E0,6.310840531E-1,3.581856012E0,1.809357605E2,4.152750492E0,3.000000000E0
1.689656541E2,5.232967384E1,4.868586501E0,8.073438897E-1,3.621150494E0,1.809011688E2,4.152661324E0,3.000000000E0
1.699665331E2,5.232963550E1,4.868591376E0,1.144465325E0,3.911486149E0,1.774100037E2,3.946390629E0,3.000000000E0
1.709750739E2,5.232959954E1,4.868599599E0,1.257962403E0,3.765269279E0,1.795539551E2,3.909110785E0,3.000000000E0
1.719665055E2,5.232955787E1,4.868598209E0,1.424472666E0,3.798791885E0,1.838503876E2,3.909018040E0,3.000000000E0
1.729692935E2,5.232951864E1,4.868592773E0,1.203830180E0,3.796274900E0,1.867523499E2,3.990109444E0,3.000000000E0
1.739643160E2,5.232948056E1,4.868588452E0,1.361272077E0,3.867869139E0,1.878098145E2,4.082694530E0,3.000000000E0
1.749591550E2,5.232943850E1,4.868582987E0,1.305676912E0,3.864775896E0,1.837997131E2,4.152133942E0,3.000000000E0
1.759632125E2,5.232939911E1,4.868580463E0,1.314807081E0,3.841482162E0,1.834951935E2,4.152046680E0,3.000000000E0
1.769622557E2,5.232936085E1,4.868578574E0,1.267443772E0,3.779686451E0,1.836520233E2,4.151959896E0,3.000000000E0
1.779594477E2,5.232932459E1,4.868573117E0,1.201823719E0,3.948434591E0,1.821601105E2,3.908467770E0,3.000000000E0
1.789597344E2,5.232928495E1,4.868576992E0,1.317597133E0,3.774807692E0,1.783911133E2,3.908376932E0,3.000000000E0
1.799640771E2,5.232924877E1,4.868586966E0,1.663693446E0,3.888256311E0,1.763746796E2,3.959955215E0,3.000000000E0
1.809630462E2,5.232920287E1,4.868596630E0,2.065791108E0,4.157928467E0,1.781540985E2,3.908195496E0,3.000000000E0
1.819683593E2,5.232916654E1,4.868601081E0,2.279254972E0,3.978416204E0,1.842121735E2,3.908104658E0,3.000000000E0
1.829691561E2,5.232912988E1,4.868596550E0,2.729209755E0,3.897991180E0,1.862345123E2,4.415696144E0,3.000000000E0
1.839632007E2,5.232909708E1,4.868592259E0,2.985099900E0,3.616926193E0,1.841113586E2,4.497075558E0,3.000000000E0
1.849669425E2,5.232906477E1,4.868591954E0,3.144938722E0,3.295249462E0,1.823384094E2,4.496970654E0,3.000000000E0
1.859687911E2,5.232903629E1,4.868590136E0,3.271637885E0,3.091187954E0,1.790455627E2,4.496865749E0,3.000000000E0
1.869668485E2,5.232900997E1,4.868591464E0,3.423430100E0,3.089676857E0,1.804950256E2,4.496761322E0,3.000000000E0
1.879733517E2,5.232898491E1,4.868586447E0,3.462790289E0,2.937813997E0,1.849401245E2,4.260054588E0,3.000000000E0
1.889689390E2,5.232895866E1,4.868581093E0,3.362467394E0,2.667742968E0,1.793853302E2,5.116900921E0,3.000000000E0
1.899738259E2,5.232893411E1,4.868579904E0,3.111982277E0,2.710267305E0,1.784549713E2,5.116476059E0,3.000000000E0
1.909639824E2,5.232890999E1,4.868578935E0,3.011551142E0,2.763222933E0,1.833809967E2,5.225328445E0,3.000000000E0
1.919712402E2,5.232888648E1,4.868576491E0,2.725684625E0,2.632970572E0,1.806472931E2,5.224977016E0,3.000000000E0
1.929679417E2,5.232886555E1,4.868576712E0,2.560655527E0,2.692473650E0,1.861606750E2,4.831230640E0,3.000000000E0
1.939693960E2,5.232883680E1,4.868573077E0,2.547210117E0,2.750927448E0,1.832465515E2,4.057197094E0,3.000000000E0
1.949688793E2,5.232880725E1,4.868570736E0,2.367249855E0,2.751089573E0,1.802478180E2,5.223925591E0,3.000000000E0
1.959650576E2,5.232878057E1,4.868568791E0,2.274932227E0,2.812942266E0,1.802246552E2,4.830502987E0,3.000000000E0
1.969641146E2,5.232875385E1,4.868566989E0,2.219007261E0,2.872726679E0,1.766848755E2,4.830260754E0,3.000000000E0
1.979708510E2,5.232872727E1,4.868568761E0,2.038828622E0,2.943473101E0,1.781259003E2,4.826303482E0,3.000000000E0
1.989689799E2,5.232870239E1,4.868574275E0,1.962776019E0,3.029140949E0,1.802868042E2,4.826025486E0,3.000000000E0
1.999642243E2,5.232867185E1,4.868581495E0,1.870345509E0,2.951877356E0,1.776452637E2,3.925826073E0,3.000000000E0
2.009777866E2,5.232864588E1,4.868586387E0,1.938413942E0,2.907326698E0,1.764026794E2,4.239895821E0,3.000000000E0
2.019727997E2,5.232862009E1,4.868587132E0,1.886853051E0,2.905775070E0,1.779810638E2,4.239925385E0,3.000000000E0
2.029704870E2,5.232859372E1,4.868587753E0,1.679773174E0,2.779935122E0,1.799067841E2,4.239954472E0,3.000000000E0
2.039713683E2,5.232856955E1,4.868585339E0,1.623504259E0,2.653505325E0,1.831821899E2,3.925740242E0,3.000000000E0
2.049697581E2,5.232854831E1,4.868586512E0,1.652647125E0,2.435922861E0,1.822598267E2,3.925719023E0,3.000000000E0
2.059699525E2,5.232852682E1,4.868589088E0,1.667212680E0,2.329062462E0,1.794989929E2,3.925697327E0,3.000000000E0
2.069698181E2,5.232850496E1,4.868588416E0,1.558547375E0,2.354543924E0,1.762362671E2,4.031490803E0,3.000000000E0
2.079693398E2,5.232848387E1,4.868589299E0,1.420654791E0,2.356703281E0,1.801487885E2,4.031550407E0,3.000000000E0
2.089715920E2,5.232846360E1,4.868589504E0,1.347868248E0,2.379777193E0,1.759700317E2,4.031610489E0,3.000000000E0
2.099756224E2,5.232844034E1,4.868591605E0,1.273249736E0,2.115310907E0,1.866098785E2,4.031670570E0,3.000000000E0
2.109638859E2,5.232841802E1,4.868588394E0,1.193207060E0,2.347955227E0,1.804792328E2,4.031730175E0,3.000000000E0
2.119669571E2,5.232839507E1,4.868583893E0,1.048035878E0,2.393772840E0,1.812726898E2,4.606494904E0,3.000000000E0
2.129766155E2,5.232836964E1,4.868582827E0,7.677352585E-1,2.577265263E0,1.846469269E2,4.606722832E0,3.000000000E0
2.139694503E2,5.232834728E1,4.868572057E0,5.884937723E-1,2.412291050E0,1.924564056E2,5.137465000E0,3.000000000E0
2.149679855E2,5.232832591E1,4.868562090E0,4.369110407E-1,2.355816126E0,1.889221497E2,5.137534142E0,3.000000000E0
2.159679680E2,5.232830264E1,4.868561609E0,2.631290403E-1,2.513462782E0,1.779345245E2,5.137603283E0,3.000000000E0
2.169736387E2,5.232827629E1,4.868563072E0,1.181935473E-1,2.782395840E0,1.782344818E2,5.717113495E0,3.000000000E0
2.179823577E2,5.232824545E1,4.868565518E0,7.485716935E-2,3.075318098E0,1.799195251E2,5.717135429E0,3.000000000E0
2.189706173E2,5.232821274E1,4.868565700E0,9.709714015E-2,3.288156271E0,1.828179321E2,4.632089615E0,3.000000000E0
2.199654449E2,5.232817832E1,4.868563741E0,3.125037670E-1,3.403120279E0,1.840305328E2,4.262018681E0,3.000000000E0
2.209813812E2,5.232814559E1,4.868559814E0,5.925056857E-1,3.343907595E0,1.842916412E2,4.465589523E0,3.000000000E0
2.219709307E2,5.232811215E1,4.868554086E0,5.563163163E-1,3.469599247E0,1.791428070E2,4.460219860E0,3.000000000E0
2.229662941E2,5.232807761E1,4.868556266E0,5.077424929E-1,3.515803099E0,1.758338623E2,4.631717205E0,3.000000000E0
2.239727718E2,5.232804308E1,4.868558911E0,4.140776174E-1,3.519654036E0,1.760802765E2,4.631623268E0,3.000000000E0
2.249728972E2,5.232800800E1,4.868558127E0,5.299844384E-1,3.626204252E0,1.804880829E2,4.631530285E0,3.000000000E0
2.259757237E2,5.232797159E1,4.868552768E0,5.374560560E-1,3.600821733E0,1.857415924E2,5.061275959E0,3.000000000E0
2.269699832E2,5.232794385E1,4.868539232E0,4.711973649E-1,3.119039536E0,1.973334045E2,5.212784290E0,3.000000000E0
2.279733901E2,5.232792769E1,4.868519112E0,5.269809197E-2,1.159644365E0,2.210542297E2,5.060400963E0,3.000000000E0
2.289724187E2,5.232792506E1,4.868504724E0,-1.403983163E-1,7.712321281E-1,2.210542297E2,5.059964180E0,3.000000000E0
2.299742152E2,5.232792659E1,4.868501985E0,8.458624539E-2,0.000000000E0,2.210542297E2,5.170932770E0,3.000000000E0
2.309713816E2,5.232792659E1,4.868501985E0,5.649661689E-2,0.000000000E0,2.210542297E2,4.817148209E0,3.000000000E0
2.319694484E2,5.232792659E1,4.868501985E0,1.144411909E-1,0.000000000E0,2.210542297E2,5.170227051E0,3.000000000E0
2.329746942E2,5.232792659E1,4.868501985E0,4.999272196E-1,0.000000000E0,2.210542297E2,5.169875145E0,3.000000000E0
2.339718813E2,5.232792659E1,4.868501985E0,7.410707950E-1,0.000000000E0,2.210542297E2,4.479620934E0,3.000000000E0
2.349652048E2,5.232792659E1,4.868501985E0,8.595112668E-1,0.000000000E0,2.210542297E2,4.203516960E0,3.000000000E0
2.359775273E2,5.232792659E1,4.868501985E0,1.013056657E0,0.000000000E0,2.210542297E2,4.203467369E0,3.000000000E0
2.369731967E2,5.232792659E1,4.868501985E0,1.225563375E0,0.000000000E0,2.210542297E2,4.108709335E0,3.000000000E0
2.379761005E2,5.232792659E1,4.868501985E0,1.482994727E0,0.000000000E0,2.210542297E2,4.815207005E0,3.000000000E0
2.389709217E2,5.232792913E1,4.868508887E0,1.481274934E0,3.236712515E-1,2.210542297E2,4.814929962E0,3.000000000E0
2.399763593E2,5.232792505E1,4.868503698E0,1.601357114E0,4.802701473E-1,2.210542297E2,5.208294392E0,3.000000000E0
2.409703597E2,5.232791618E1,4.868491765E0,1.838529440E0,4.385881424E-1,2.210542297E2,4.967100143E0,3.000000000E0
2.419688920E2,5.232791297E1,4.868499184E0,2.038035526E0,0.000000000E0,2.210542297E2,5.098505974E0,3.000000000E0
2.429655529E2,5.232791297E1,4.868499184E0,2.073024580E0,0.000000000E0,2.210542297E2,5.098015785E0,3.000000000E0
2.439712584E2,5.232791297E1,4.868499184E0,1.949008691E0,0.000000000E0,2.210542297E2,5.053405285E0,3.000000000E0
2.449685839E2,5.232791297E1,4.868499184E0,1.923273344E0,0.000000000E0,2.210542297E2,5.052967548E0,3.000000000E0
2.459710085E2,5.232791297E1,4.868499184E0,1.883499895E0,0.000000000E0,2.210542297E2,5.014685631E0,3.000000000E0
2.469703562E2,5.232791297E1,4.868499184E0,1.759299798E0,0.000000000E0,2.210542297E2,5.014223099E0,3.000000000E0
2.479675999E2,5.232791297E1,4.868499184E0,1.677688107E0,0.000000000E0,2.210542297E2,5.013760567E0,3.000000000E0
2.489672245E2,5.232791297E1,4.868499184E0,1.600180850E0,0.000000000E0,2.210542297E2,5.013298035E0,3.000000000E0
2.499686834E2,5.232791297E1,4.868499184E0,1.515968658E0,0.000000000E0,2.210542297E2,4.209255219E0,3.000000000E0
2.509695155E2,5.232791297E1,4.868499184E0,1.440446615E0,0.000000000E0,2.210542297E2,4.209134102E0,3.000000000E0
2.519689048E2,5.232791297E1,4.868499184E0,1.393724282E0,0.000000000E0,2.210542297E2,4.209013939E0,3.000000000E0
2.529683670E2,5.232791297E1,4.868499184E0,1.379285661E0,0.000000000E0,2.210542297E2,4.208893299E0,3.000000000E0
2.539706689E2,5.232791297E1,4.868499184E0,1.285407892E0,0.000000000E0,2.210542297E2,4.208772182E0,3.000000000E0
2.549703761E2,5.232791634E1,4.868511491E0,1.200448122E0,3.530002534E-1,2.210542297E2,4.810503006E0,3.000000000E0
2.559757575E2,5.232791143E1,4.868514796E0,1.058818883E0,6.625648737E-1,1.656438293E2,4.810227394E0,3.000000000E0
2.569715256E2,5.232789201E1,4.868520030E0,7.697598998E-1,1.349610686E0,1.767611694E2,5.161442280E0,3.000000000E0
2.579624648E2,5.232787256E1,4.868524974E0,6.621479616E-1,1.754208088E0,1.787176819E2,5.161092281E0,3.000000000E0
2.589686282E2,5.232785053E1,4.868527180E0,5.744236896E-1,2.284939766E0,1.859559174E2,4.208170891E0,3.000000000E0
2.599733020E2,5.232782343E1,4.868525934E0,5.696955481E-1,3.267546654E0,1.806907349E2,5.160391331E0,3.000000000E0
2.609718471E2,5.232778877E1,4.868524938E0,6.308937387E-1,4.014956474E0,1.802087860E2,5.201088905E0,3.000000000E0
2.619718117E2,5.232774886E1,4.868521070E0,5.871182292E-1,4.549529552E0,1.796481476E2,5.200746059E0,3.000000000E0
2.629693142E2,5.232770319E1,4.868520326E0,6.914386157E-1,4.912253857E0,1.779780426E2,5.200405121E0,3.000000000E0
2.639809906E2,5.232765565E1,4.868520220E0,9.551619347E-1,5.090711117E0,1.771003418E2,5.044696331E0,3.000000000E0
2.649662961E2,5.232760839E1,4.868524722E0,1.254935823E0,4.983878613E0,1.758648682E2,5.084893703E0,3.000000000E0
2.659681610E2,5.232756487E1,4.868530265E0,1.782345589E0,4.957223892E0,1.750584869E2,5.084476948E0,3.000000000E0
2.669708838E2,5.232752268E1,4.868533566E0,2.339044298E0,4.553294182E0,1.738816833E2,5.084059715E0,3.000000000E0
2.679709227E2,5.232748425E1,4.868530119E0,1.966761269E0,4.392020226E0,1.727884827E2,4.573742867E0,3.000000000E0
2.689694653E2,5.232744599E1,4.868522169E0,1.390633880E0,4.110147953E0,1.822486572E2,4.767252922E0,3.000000000E0
2.699714365E2,5.232740977E1,4.868517062E0,1.719909142E0,3.706478834E0,1.810153046E2,4.614606857E0,3.000000000E0
2.709638380E2,5.232738101E1,4.868512843E0,2.439674213E0,3.281150341E0,1.771448822E2,5.578040600E0,3.000000000E0
2.719683933E2,5.232734746E1,4.868518318E0,2.684945318E0,3.557507277E0,1.719144592E2,4.371159554E0,3.000000000E0
2.729700076E2,5.232731266E1,4.868527415E0,2.543084886E0,3.486881733E0,1.817114258E2,4.402552128E0,3.000000000E0
2.739723802E2,5.232727820E1,4.868524344E0,2.589342043E0,3.352419376E0,1.815118713E2,4.508639812E0,3.000000000E0
2.749681270E2,5.232724645E1,4.868521058E0,2.920644437E0,2.565736055E0,1.765698090E2,4.508557320E0,3.000000000E0
2.759712484E2,5.232722238E1,4.868515234E0,2.850699876E0,2.892570496E0,1.731860046E2,4.508475304E0,3.000000000E0
2.769742375E2,5.232719866E1,4.868506108E0,2.647179234E0,3.284724951E0,1.756657410E2,4.508392334E0,3.000000000E0
2.779727169E2,5.232716639E1,4.868502316E0,2.856166515E0,3.588245153E0,1.778636780E2,4.804183006E0,3.000000000E0
2.789658193E2,5.232713304E1,4.868495644E0,3.186361603E0,3.347923756E0,1.766140747E2,4.701218128E0,3.000000000E0
2.799689000E2,5.232709787E1,4.868499482E0,3.501354992E0,3.613830566E0,1.720626831E2,4.679342270E0,3.000000000E0
2.809723349E2,5.232705381E1,4.868504493E0,3.719481551E0,4.153619766E0,1.793562927E2,4.679268360E0,3.000000000E0
2.819641803E2,5.232700457E1,4.868504952E0,3.555520335E0,5.179012775E0,1.790565948E2,6.645087719E0,3.000000000E0
2.829718186E2,5.232694252E1,4.868504761E0,2.975972929E0,5.788269520E0,1.789576569E2,4.393469810E0,3.000000000E0
2.839658042E2,5.232687886E1,4.868499498E0,2.769937875E0,6.176512718E0,1.794512329E2,4.762822628E0,3.000000000E0
2.849655952E2,5.232681984E1,4.868501391E0,3.098241365E0,6.250195980E0,1.767391052E2,4.802267075E0,3.000000000E0
2.859747042E2,5.232676614E1,4.868511150E0,3.234258995E0,6.168324471E0,1.780214844E2,4.801993370E0,3.000000000E0
2.869678906E2,5.232670882E1,4.868519728E0,3.247556865E0,6.091902256E0,1.768863525E2,4.801721096E0,3.000000000E0
2.879639056E2,5.232665249E1,4.868517329E0,3.013993310E0,5.469248772E0,1.797579956E2,5.191903591E0,3.000000000E0
2.889694106E2,5.232660067E1,4.868503661E0,2.753989365E0,5.334871769E0,1.789730225E2,4.761353016E0,3.000000000E0
2.899691148E2,5.232654092E1,4.868494296E0,2.980059174E0,4.986122131E0,1.768950653E2,5.660622120E0,3.000000000E0
2.909677092E2,5.232649803E1,4.868492970E0,2.933712056E0,4.587003231E0,1.762882996E2,4.393319130E0,3.000000000E0
2.919725862E2,5.232645688E1,4.868485551E0,2.821887758E0,4.267161369E0,1.788487244E2,6.651111126E0,3.000000000E0
2.929672251E2,5.232641665E1,4.868482411E0,2.952405044E0,4.152072430E0,1.809973450E2,6.651711941E0,3.000000000E0
2.939658482E2,5.232637819E1,4.868480767E0,3.286837929E0,4.051318645E0,1.804910889E2,6.652318001E0,3.000000000E0
2.949717866E2,5.232634313E1,4.868480878E0,3.103458095E0,3.462007523E0,1.797859802E2,5.661504745E0,3.000000000E0
2.959655983E2,5.232631099E1,4.868482666E0,3.015506589E0,3.165205240E0,1.741087189E2,5.661683559E0,3.000000000E0
2.969713811E2,5.232627399E1,4.868487697E0,3.258955496E0,3.397302866E0,1.687635193E2,5.505831718E0,3.000000000E0
2.979736929E2,5.232624301E1,4.868493488E0,3.385696490E0,3.312973022E0,1.739588165E2,5.662034988E0,3.000000000E0
2.989760252E2,5.232621238E1,4.868494636E0,3.058552818E0,2.982919931E0,1.780452881E2,5.018954754E0,3.000000000E0
2.999662466E2,5.232618660E1,4.868491317E0,2.774048768E0,2.590149641E0,1.770841217E2,5.662390709E0,3.000000000E0
3.009717126E2,5.232616276E1,4.868494315E0,2.540146531E0,2.805686712E0,1.763545074E2,5.662565231E0,3.000000000E0
3.019752484E2,5.232613333E1,4.868500617E0,2.328976676E0,3.219833612E0,1.748835602E2,5.662744522E0,3.000000000E0
3.029642947E2,5.232609799E1,4.868507343E0,2.462091763E0,3.057687044E0,1.737737885E2,4.804809570E0,3.000000000E0
3.039743529E2,5.232605444E1,4.868529277E0,2.285799406E0,3.260906458E0,1.769709167E2,4.804572582E0,3.000000000E0
3.049649484E2,5.232602262E1,4.868533549E0,2.129835703E0,3.175444126E0,1.793180389E2,4.624146938E0,3.000000000E0
3.059708887E2,5.232599279E1,4.868539596E0,2.201885386E0,3.032267809E0,1.812720337E2,4.991337299E0,3.000000000E0
3.069681381E2,5.232596058E1,4.868545427E0,2.407334099E0,3.089186192E0,1.818732147E2,4.691002846E0,3.000000000E0
3.079675872E2,5.232592267E1,4.868551127E0,3.140735690E0,3.315441370E0,1.779514923E2,4.690887451E0,3.000000000E0
3.089666335E2,5.232588178E1,4.868555794E0,3.242965080E0,3.545422077E0,1.797901764E2,4.991258621E0,3.000000000E0
3.099708662E2,5.232584520E1,4.868562688E0,3.536017005E0,3.143831253E0,1.795987244E2,5.145206451E0,3.000000000E0
3.109709612E2,5.232580644E1,4.868567972E0,4.247868949E0,3.154297829E0,1.768997803E2,5.145297050E0,3.000000000E0
3.119717349E2,5.232577551E1,4.868569101E0,5.017568918E0,3.056998491E0,1.695089111E2,4.242903233E0,3.000000000E0
3.129668829E2,5.232574529E1,4.868589168E0,5.118311640E0,3.396750927E0,1.446009369E2,4.412437439E0,3.000000000E0
3.139729093E2,5.232572759E1,4.868639758E0,4.804641784E0,3.265214920E0,1.335720062E2,5.145573616E0,3.000000000E0
3.149681072E2,5.232570538E1,4.868680333E0,3.923837234E0,2.622471094E0,1.503851929E2,5.145666599E0,3.000000000E0
3.159651162E2,5.232568578E1,4.868684375E0,3.606698150E0,3.014897346E0,1.857211151E2,4.570530891E0,3.000000000E0
3.169700305E2,5.232565503E1,4.868670991E0,3.749991700E0,3.259170532E0,1.829110260E2,4.570465565E0,3.000000000E0
3.179707953E2,5.232561938E1,4.868668375E0,3.489671272E0,3.431861639E0,1.810988159E2,4.570399761E0,3.000000000E0
3.189714340E2,5.232558457E1,4.868666453E0,3.318471832E0,3.352638245E0,1.828762360E2,4.570335388E0,3.000000000E0
3.199664585E2,5.232555104E1,4.868664775E0,3.009612059E0,3.481331348E0,1.824882355E2,4.570270061E0,3.000000000E0
3.209725823E2,5.232551927E1,4.868665902E0,2.603181303E0,3.522682428E0,1.783174133E2,4.570204258E0,3.000000000E0
3.219729818E2,5.232548758E1,4.868668639E0,2.396812583E0,3.493930101E0,1.776050873E2,4.622586727E0,3.000000000E0
3.229637074E2,5.232545483E1,4.868675753E0,2.188359682E0,3.497118950E0,1.755632782E2,4.570073605E0,3.000000000E0
3.239746232E2,5.232542151E1,4.868681879E0,1.967256186E0,3.570562840E0,1.755935822E2,4.622403145E0,3.000000000E0
3.249749377E2,5.232538825E1,4.868685411E0,1.835354682E0,3.532979012E0,1.809125366E2,4.622311592E0,3.000000000E0
3.259706610E2,5.232535414E1,4.868684583E0,1.747607934E0,3.429195404E0,1.819700317E2,4.569878101E0,3.000000000E0
3.269764319E2,5.232532131E1,4.868679432E0,1.559109392E0,3.596999407E0,1.785274811E2,4.569812775E0,3.000000000E0
3.279743191E2,5.232528733E1,4.868682376E0,1.396629531E0,3.730599880E0,1.731432800E2,4.569747925E0,3.000000000E0
3.289743120E2,5.232525358E1,4.868689316E0,1.342792730E0,3.676065207E0,1.731088257E2,4.621944904E0,3.000000000E0
3.299671573E2,5.232521892E1,4.868696464E0,1.107134951E0,3.573907137E0,1.745078430E2,4.569618225E0,3.000000000E0
3.309658197E2,5.232518504E1,4.868699297E0,1.069976960E0,3.758288860E0,1.786958466E2,4.569553375E0,3.000000000E0
3.319732299E2,5.232515169E1,4.868699077E0,1.000713250E0,3.760400534E0,1.800378265E2,4.569488525E0,3.000000000E0
3.329651029E2,5.232511862E1,4.868701041E0,8.740407038E-1,3.743247032E0,1.791897736E2,4.569423676E0,3.000000000E0
3.339712279E2,5.232507850E1,4.868701700E0,8.211112578E-1,3.834617376E0,1.792958679E2,4.569359303E0,3.000000000E0
3.349740820E2,5.232504557E1,4.868703075E0,1.065062565E0,3.730614662E0,1.787662506E2,4.621395111E0,3.000000000E0
3.359772235E2,5.232501208E1,4.868706447E0,1.198614051E0,3.550945520E0,1.776461639E2,4.569229603E0,3.000000000E0
3.369733812E2,5.232497671E1,4.868707067E0,1.351649427E0,3.725870609E0,1.779416046E2,4.569164753E0,3.000000000E0
3.379700278E2,5.232494227E1,4.868707993E0,1.098335821E0,3.884555340E0,1.822205505E2,4.569100857E0,3.000000000E0
3.389714863E2,5.232490534E1,4.868706894E0,9.225509294E-1,3.863979816E0,1.846510162E2,4.569036007E0,3.000000000E0
3.399737912E2,5.232486888E1,4.868701883E0,8.681620418E-1,3.580630302E0,1.815687561E2,4.568970680E0,3.000000000E0
3.409705782E2,5.232483302E1,4.868699495E0,7.164590468E-1,3.830057144E0,1.782185059E2,4.568906784E0,3.000000000E0
3.419718189E2,5.232478819E1,4.868707513E0,6.506930303E-1,4.757131100E0,1.788687744E2,4.620753765E0,3.000000000E0
3.429763120E2,5.232473680E1,4.868711279E0,5.296919408E-1,5.939126492E0,1.761674652E2,4.620661736E0,3.000000000E0
3.439787896E2,5.232467902E1,4.868719951E0,5.306045805E-1,6.180740833E0,1.745579224E2,4.568713188E0,3.000000000E0
3.449774728E2,5.232461879E1,4.868730605E0,4.559990233E-1,6.646887302E0,1.740153351E2,4.568648815E0,3.000000000E0
3.459654508E2,5.232455530E1,4.868740106E0,3.628610108E-1,6.874245644E0,1.740327911E2,4.568583488E0,3.000000000E0
3.469751824E2,5.232449124E1,4.868747104E0,3.557752345E-1,6.500924587E0,1.769010773E2,4.568518639E0,3.000000000E0
3.479720673E2,5.232443382E1,4.868748950E0,4.774416810E-1,5.970974922E0,1.763541107E2,4.568453312E0,3.000000000E0
3.489727093E2,5.232438067E1,4.868749876E0,5.248342207E-1,5.621311188E0,1.788424988E2,4.568389893E0,3.000000000E0
3.499721150E2,5.232432906E1,4.868746700E0,6.589885021E-1,5.386318684E0,1.802716827E2,4.568324566E0,3.000000000E0
3.509736310E2,5.232427934E1,4.868745028E0,1.170719441E0,5.139873981E0,1.774946136E2,4.568260193E0,3.000000000E0
3.519799638E2,5.232423281E1,4.868750910E0,1.233889060E0,4.791421413E0,1.755548401E2,4.619832993E0,3.000000000E0
3.529687227E2,5.232418541E1,4.868756178E0,1.028616840E0,4.864875317E0,1.783459320E2,4.568132401E0,3.000000000E0
3.539733052E2,5.232413929E1,4.868758583E0,1.267339714E0,4.776766300E0,1.795036163E2,4.568067551E0,3.000000000E0
3.549710930E2,5.232409544E1,4.868764608E0,1.992330731E0,4.414382935E0,1.770700378E2,4.568003178E0,3.000000000E0
3.559748172E2,5.232405545E1,4.868767205E0,2.109188042E0,4.541768074E0,1.760920105E2,4.619465828E0,3.000000000E0
3.569746840E2,5.232401798E1,4.868773080E0,2.379954647E0,4.080213547E0,1.776695862E2,4.567874908E0,3.000000000E0
3.579730613E2,5.232398455E1,4.868772208E0,2.890753233E0,3.969823837E0,1.813596039E2,4.567811966E0,3.000000000E0
3.589654781E2,5.232395171E1,4.868769068E0,3.137083963E0,3.401364565E0,1.850455170E2,4.567748070E0,3.000000000E0
3.599654290E2,5.232391962E1,4.868763375E0,3.210478392E0,3.183030844E0,1.894138184E2,4.619100094E0,3.000000000E0
3.609701520E2,5.232388814E1,4.868760744E0,2.943647820E0,3.290455103E0,1.898985138E2,4.619009972E0,3.000000000E0
3.619659719E2,5.232385626E1,4.868754211E0,2.615528610E0,3.221806526E0,1.860404510E2,4.567558289E0,3.000000000E0
3.629664758E2,5.232382374E1,4.868748945E0,2.015964982E0,3.198516369E0,1.837314453E2,4.567495346E0,3.000000000E0
3.639669985E2,5.232379700E1,4.868744661E0,1.602100864E0,3.238516569E0,1.821914368E2,4.567431927E0,3.000000000E0
3.649723146E2,5.232376689E1,4.868748352E0,1.131883198E0,3.221614361E0,1.760956573E2,4.567368507E0,3.000000000E0
3.659704664E2,5.232373105E1,4.868759227E0,4.564167796E-1,3.175160408E0,1.768651581E2,4.567306519E0,3.000000000E0
3.669714399E2,5.232370163E1,4.868761093E0,3.476204606E-1,3.367089748E0,1.822181702E2,4.567243099E0,3.000000000E0
3.679716753E2,5.232366791E1,4.868758236E0,2.274556354E-1,3.432454586E0,1.809331360E2,4.567180157E0,3.000000000E0
3.689778788E2,5.232362987E1,4.868760005E0,4.439412866E-1,3.776612997E0,1.775118408E2,4.618280888E0,3.000000000E0
3.699709039E2,5.232359406E1,4.868769319E0,5.135346679E-1,3.993788242E0,1.737646790E2,4.567053795E0,3.000000000E0
3.709781105E2,5.232355845E1,4.868777891E0,7.099984456E-1,3.869708776E0,1.790126038E2,4.618098736E0,3.000000000E0
3.719719754E2,5.232352189E1,4.868783848E0,8.874743508E-1,3.703789234E0,1.804597778E2,4.566927910E0,3.000000000E0
3.729818133E2,5.232348425E1,4.868784879E0,1.652974343E0,4.045166492E0,1.777073059E2,4.566865444E0,3.000000000E0
3.739706564E2,5.232344938E1,4.868788607E0,1.632640234E0,3.756365776E0,1.756728058E2,4.566802502E0,3.000000000E0
3.749698351E2,5.232341435E1,4.868794138E0,1.806801169E0,3.702814579E0,1.729013824E2,4.617733955E0,3.000000000E0
3.759728763E2,5.232338081E1,4.868799982E0,2.240623955E0,3.488786459E0,1.731535645E2,4.566676617E0,3.000000000E0
3.769718075E2,5.232334398E1,4.868802875E0,2.360554999E0,3.803298473E0,1.761322174E2,4.566614151E0,3.000000000E0
3.779745726E2,5.232330329E1,4.868803777E0,2.355955117E0,3.953371525E0,1.783565063E2,4.566552162E0,3.000000000E0
3.789822336E2,5.232326391E1,4.868804244E0,2.359332583E0,3.864938259E0,1.784393768E2,4.566488743E0,3.000000000E0
3.799750632E2,5.232322815E1,4.868807056E0,2.221783779E0,3.677888155E0,1.775327606E2,4.566425800E0,3.000000000E0
3.809667249E2,5.232318763E1,4.868813431E0,2.211593256E0,3.726637602E0,1.791058502E2,4.566364288E0,3.000000000E0
3.819789361E2,5.232315006E1,4.868813768E0,1.637603924E0,3.759053707E0,1.805412598E2,4.617095947E0,3.000000000E0
3.829724627E2,5.232311255E1,4.868813456E0,1.060213153E0,3.913604259E0,1.754136200E2,4.617004871E0,3.000000000E0
3.839697431E2,5.232307534E1,4.868816826E0,9.638630781E-1,3.768810987E0,1.762077026E2,4.616913319E0,3.000000000E0
3.849743944E2,5.232303692E1,4.868820280E0,1.168920461E0,3.773195982E0,1.752071533E2,4.566113949E0,3.000000000E0
3.859713077E2,5.232299992E1,4.868818955E0,1.106748820E0,3.650035858E0,1.799096375E2,4.566051960E0,3.000000000E0
3.869733380E2,5.232296436E1,4.868818396E0,1.016261910E0,3.738013268E0,1.782073975E2,4.565989494E0,3.000000000E0
3.879760616E2,5.232292390E1,4.868823564E0,6.854300818E-1,3.844418287E0,1.788849335E2,4.565927505E0,3.000000000E0
3.889667967E2,5.232288551E1,4.868821684E0,3.879714078E-1,3.747656584E0,1.784717712E2,4.565865517E0,3.000000000E0
3.899738975E2,5.232284725E1,4.868821539E0,2.576848640E-1,3.719385624E0,1.783809509E2,4.565803528E0,3.000000000E0
3.909713717E2,5.232281150E1,4.868822343E0,4.477190707E-1,3.665828705E0,1.770348053E2,4.616277218E0,3.000000000E0
3.919750023E2,5.232277194E1,4.868825426E0,7.621011431E-1,3.576166391E0,1.781109924E2,4.616186142E0,3.000000000E0
3.929683519E2,5.232273676E1,4.868830181E0,8.005980304E-1,3.689161301E0,1.716163483E2,4.565617561E0,3.000000000E0
3.939876522E2,5.232269857E1,4.868836249E0,1.001829715E0,3.780050039E0,1.753079987E2,4.212097168E0,3.000000000E0
3.949748409E2,5.232266256E1,4.868837909E0,9.407582167E-1,3.822819710E0,1.767903595E2,4.212027550E0,3.000000000E0
3.959753745E2,5.232262565E1,4.868837545E0,7.250807552E-1,3.821299076E0,1.755895081E2,4.211957932E0,3.000000000E0
3.969657191E2,5.232258943E1,4.868837164E0,5.906209228E-1,3.921103716E0,1.781703033E2,4.306684017E0,3.000000000E0
3.979719761E2,5.232255192E1,4.868837863E0,7.592100515E-1,4.069571495E0,1.785415039E2,4.306591988E0,3.000000000E0
3.989720810E2,5.232251124E1,4.868837533E0,8.433021853E-1,4.346562862E0,1.801141663E2,4.268334389E0,3.000000000E0
3.999696720E2,5.232247243E1,4.868835664E0,8.697566353E-1,4.381090164E0,1.808560638E2,4.268176079E0,3.000000000E0
4.009683530E2,5.232243313E1,4.868832080E0,9.363404517E-1,4.228070259E0,1.853966675E2,4.268016815E0,3.000000000E0
4.019690902E2,5.232239579E1,4.868820683E0,1.109772742E0,4.135201454E0,1.904530182E2,4.268638134E0,3.000000000E0
4.029665300E2,5.232236017E1,4.868804156E0,1.075673381E0,4.016043663E0,1.916323547E2,4.615186691E0,3.000000000E0
4.039842580E2,5.232232521E1,4.868790760E0,1.213469593E0,3.856367588E0,1.847948303E2,4.564939499E0,3.000000000E0
4.049741982E2,5.232228885E1,4.868791014E0,1.078876055E0,3.810568571E0,1.778525543E2,4.615005016E0,3.000000000E0
4.059695302E2,5.232225326E1,4.868797678E0,9.957973074E-1,3.727291584E0,1.750843201E2,4.305853367E0,3.000000000E0
4.069760580E2,5.232221511E1,4.868804976E0,8.323801479E-1,4.019334793E0,1.726687164E2,3.920940161E0,3.000000000E0
4.079678849E2,5.232217656E1,4.868814486E0,7.553119511E-1,4.145875931E0,1.698768463E2,4.211122990E0,3.000000000E0
4.089724406E2,5.232213881E1,4.868820199E0,7.829555848E-1,4.108880520E0,1.814680023E2,4.211052895E0,3.000000000E0
4.099762274E2,5.232210597E1,4.868798122E0,6.802582319E-1,4.019691467E0,2.099248810E2,4.070028782E0,3.000000000E0
4.109783166E2,5.232208302E1,4.868743985E0,4.726237082E-1,4.202445030E0,2.475845795E2,4.070090294E0,3.000000000E0
4.119699160E2,5.232207611E1,4.868664563E0,6.450080473E-1,3.845038176E0,2.560155945E2,4.070151329E0,3.000000000E0
4.129772275E2,5.232207085E1,4.868606566E0,9.969489292E-1,3.467725992E0,2.501086578E2,4.070213795E0,3.000000000E0
4.139788791E2,5.232205980E1,4.868550807E0,1.335579041E0,3.443294048E0,2.555783539E2,4.070275784E0,3.000000000E0
4.149722994E2,5.232205093E1,4.868491055E0,1.363230215E0,3.712295771E0,2.584384155E2,4.070337296E0,3.000000000E0
4.159748753E2,5.232204167E1,4.868429808E0,1.520255471E0,3.966393709E0,2.607644653E2,4.070399284E0,3.000000000E0
4.169763877E2,5.232203204E1,4.868366805E0,1.734055221E0,3.953955650E0,2.546023254E2,4.070460796E0,3.000000000E0
4.179692976E2,5.232201946E1,4.868308365E0,1.711106736E0,3.720710039E0,2.533944244E2,4.070523262E0,3.000000000E0
4.189732343E2,5.232200973E1,4.868249009E0,1.144773593E0,3.878897429E0,2.689512329E2,4.070585251E0,3.000000000E0
4.199744594E2,5.232200881E1,4.868191711E0,1.228664422E0,4.127179623E0,2.779101868E2,4.070646763E0,3.000000000E0
4.209735879E2,5.232201145E1,4.868131169E0,1.165587331E0,3.738975763E0,2.778747253E2,4.070708275E0,3.000000000E0
4.219684626E2,5.232201071E1,4.868076924E0,1.372894977E0,3.200796604E0,2.696651001E2,4.070770264E0,3.000000000E0
4.229750137E2,5.232200925E1,4.868017228E0,1.200020887E0,3.147550106E0,2.591636047E2,4.070832253E0,3.000000000E0
4.239750252E2,5.232199926E1,4.867963251E0,6.439681821E-1,3.271515608E0,2.499364624E2,4.563730240E0,3.000000000E0
4.249708587E2,5.232197654E1,4.867913149E0,-7.100111545E-2,3.592697859E0,2.363573608E2,4.070956230E0,3.000000000E0
4.259767886E2,5.232194246E1,4.867876327E0,-2.154408049E-1,3.857809782E0,2.051129761E2,4.164565086E0,3.000000000E0
4.269732853E2,5.232189782E1,4.867869600E0,-3.849710412E-1,3.723874331E0,1.856435394E2,4.071079731E0,3.000000000E0
4.279717211E2,5.232185728E1,4.867878102E0,-4.247173400E-1,3.591609240E0,1.832730713E2,4.071142197E0,3.000000000E0
4.289822967E2,5.232182097E1,4.867882363E0,-3.544908725E-1,3.520448446E0,1.787188721E2,4.071204185E0,3.000000000E0
4.299765079E2,5.232178791E1,4.867890341E0,-3.072331657E-1,3.458529711E0,1.776990204E2,4.071265697E0,3.000000000E0
4.309703101E2,5.232175878E1,4.867894158E0,-1.017673537E-1,3.776761293E0,1.803010864E2,4.563309193E0,3.000000000E0
4.319673333E2,5.232172393E1,4.867894513E0,2.011208259E-1,3.873341084E0,1.785604248E2,4.563250065E0,3.000000000E0
4.329781185E2,5.232169747E1,4.867908888E0,8.190525006E-1,3.314393997E0,1.538225250E2,4.563190460E0,3.000000000E0
4.339823288E2,5.232167285E1,4.867948518E0,1.211315946E0,3.879117012E0,1.262375793E2,4.563130379E0,3.000000000E0
4.349714867E2,5.232165447E1,4.868014014E0,7.471134623E-1,4.003422737E0,1.115112305E2,4.071574688E0,3.000000000E0
4.359765619E2,5.232164517E1,4.868086266E0,6.468495619E-1,4.324321747E0,1.071702881E2,4.071636200E0,3.000000000E0
4.369743915E2,5.232163566E1,4.868160731E0,1.618959807E-1,3.946051836E0,1.003411484E2,4.071697712E0,3.000000000E0
4.379757305E2,5.232163273E1,4.868240053E0,-5.011337298E-1,4.090142250E0,9.881633759E1,4.071759224E0,3.000000000E0
4.389664389E2,5.232162721E1,4.868322193E0,-1.312155618E0,4.141681194E0,1.005197067E2,4.071821213E0,3.000000000E0
4.399749462E2,5.232161864E1,4.868390437E0,-1.884529337E0,4.004546642E0,1.082331161E2,4.071882248E0,3.000000000E0
4.409735774E2,5.232160047E1,4.868452126E0,-2.434512378E0,3.754586458E0,1.108560410E2,4.071944237E0,3.000000000E0
4.419713010E2,5.232158081E1,4.868508888E0,-2.665019830E0,3.026124477E0,1.246122971E2,5.141332626E0,3.000000000E0
4.429693897E2,5.232156027E1,4.868537217E0,-2.405550028E0,2.843017340E0,1.469158325E2,5.141014099E0,3.000000000E0
4.439715329E2,5.232153715E1,4.868563541E0,-2.178244219E0,2.643424988E0,1.391232147E2,5.140695572E0,3.000000000E0
4.449701831E2,5.232152405E1,4.868591979E0,-2.606831717E0,2.512708187E0,1.127307053E2,4.072191238E0,3.000000000E0
4.459777772E2,5.232151972E1,4.868637969E0,-2.648319367E0,3.149557352E0,9.525283051E1,5.510996819E0,3.000000000E0
4.469765663E2,5.232151773E1,4.868701150E0,-2.528170214E0,3.647519350E0,9.837216187E1,5.160043240E0,3.000000000E0
4.479791344E2,5.232151441E1,4.868767972E0,-2.456619490E0,3.857006788E0,9.937680817E1,4.562310696E0,3.000000000E0
4.489751735E2,5.232150895E1,4.868831894E0,-2.237081526E0,4.405589581E0,1.003192596E2,5.139103413E0,3.000000000E0
4.499766574E2,5.232150109E1,4.868897796E0,-1.803406560E0,3.950062037E0,9.966244507E1,4.770522594E0,3.000000000E0
4.509719097E2,5.232149497E1,4.868961831E0,-1.453221086E0,3.371312141E0,9.096141052E1,4.448390484E0,3.000000000E0
4.520163331E2,5.232149480E1,4.869003472E0,-1.728857437E0,3.078926325E0,9.034577942E1,5.089680672E0,3.112022638E0
4.530104939E2,5.232149524E1,4.869043958E0,-1.631292711E0,3.469194412E0,8.690170288E1,6.139446259E0,3.699148893E0
4.550286461E2,5.232148843E1,4.869130818E0,-1.992162706E0,3.191152334E0,9.959539795E1,6.242489338E0,4.955467224E0
4.560295875E2,5.232148409E1,4.869162552E0,-1.563269912E0,3.367834806E0,9.737007904E1,6.700964928E0,5.593673706E0
4.570306073E2,5.232148252E1,4.869212662E0,-9.760423997E-1,3.181498289E0,9.332180023E1,7.347134113E0,6.211689949E0
4.580273174E2,5.232148551E1,4.869249814E0,-1.604276284E0,3.021181822E0,8.835806274E1,1.333641911E1,6.739386082E0
4.590281710E2,5.232148879E1,4.869307653E0,-2.784910657E0,2.747020721E0,9.313685608E1,7.943613529E0,7.134764194E0
4.600261295E2,5.232149086E1,4.869347951E0,-3.445778404E0,1.988438606E0,1.007332993E2,7.991181374E0,7.359537125E0
4.610228215E2,5.232150473E1,4.869481538E0,-6.910171101E0,1.418545246E0,9.852435303E1,7.430796146E0,6.999052048E0
4.619686312E2,5.232151322E1,4.869532883E0,-1.060651889E1,1.987491727E0,8.402512360E1,6.696516037E0,6.592581272E0
4.629779189E2,5.232152468E1,4.869581188E0,-9.896993434E0,3.111806154E0,8.617147064E1,5.185376167E0,5.248392582E0
4.639727771E2,5.232152928E1,4.869667326E0,-7.231002364E0,4.511573792E0,8.872019196E1,5.090406418E0,4.449762344E0
4.660363139E2,5.232152193E1,4.869843151E0,-3.500842742E0,5.696317196E0,1.039803238E2,4.561277866E0,3.000000000E0
4.670341054E2,5.232150136E1,4.869923497E0,-3.457644944E0,5.312208176E0,1.168481750E2,4.073553562E0,3.000000000E0
4.680231551E2,5.232147293E1,4.869990041E0,-3.572841693E0,5.376334667E0,1.234088974E2,4.073615551E0,3.000000000E0
4.690275793E2,5.232144161E1,4.870056598E0,-3.496259396E0,5.319712639E0,1.284094849E2,4.073677540E0,3.000000000E0
4.700353870E2,5.232140402E1,4.870115213E0,-3.644515032E0,5.595902443E0,1.418785400E2,4.508452892E0,3.000000000E0
4.710374231E2,5.232136103E1,4.870162149E0,-3.653268078E0,5.413445950E0,1.427244110E2,4.073801517E0,3.000000000E0
4.720363531E2,5.232132968E1,4.870223013E0,-3.611008003E0,5.316737652E0,1.282228394E2,4.165864468E0,3.000000000E0
4.730312724E2,5.232130479E1,4.870288278E0,-3.393551641E0,5.021963596E0,1.221385880E2,4.165892601E0,3.000000000E0
4.740351861E2,5.232128238E1,4.870348853E0,-3.290637407E0,4.879516602E0,1.192865219E2,4.073988438E0,3.000000000E0
4.749713334E2,5.232125983E1,4.870412235E0,-3.253044001E0,4.826704502E0,1.187520218E2,4.074049950E0,3.000000000E0
4.759700785E2,5.232124071E1,4.870480246E0,-3.297703715E0,4.813967228E0,1.135925751E2,4.560703278E0,3.000000000E0
4.769757516E2,5.232122449E1,4.870548173E0,-3.340749505E0,4.779304028E0,1.127959747E2,5.133224010E0,3.000000000E0
4.779760346E2,5.232120849E1,4.870608583E0,-2.965812796E0,4.856716633E0,1.167654190E2,4.997673988E0,3.000000000E0
4.789778663E2,5.232118447E1,4.870683833E0,-2.802938929E0,4.903167725E0,1.171980286E2,4.697256088E0,3.000000000E0
4.799706653E2,5.232116416E1,4.870750351E0,-2.527754707E0,4.957116127E0,1.129184875E2,4.650573254E0,3.000000000E0
4.809757327E2,5.232114917E1,4.870812732E0,-2.569410573E0,3.728070736E0,1.157706375E2,4.560418129E0,3.000000000E0
4.819772634E2,5.232112969E1,4.870859838E0,-3.157839742E0,3.483287334E0,1.216351242E2,5.503277779E0,3.000000000E0
4.829741732E2,5.232111658E1,4.870899910E0,-3.189743288E0,3.195552588E0,1.138253555E2,5.128359318E0,3.000000000E0
4.839703936E2,5.232111214E1,4.870946755E0,-2.778222098E0,3.590487957E0,9.598771667E1,5.128046036E0,3.000000000E0
4.849703815E2,5.232111397E1,4.871005544E0,-2.614562914E0,3.701502800E0,1.024463425E2,5.127732754E0,3.000000000E0
4.859758505E2,5.232110655E1,4.871059431E0,-2.824804948E0,3.595309258E0,1.172944870E2,5.127419949E0,3.000000000E0
4.869822342E2,5.232109200E1,4.871107590E0,-2.772094102E0,3.323605061E0,1.205030212E2,5.127106190E0,3.000000000E0
4.879704006E2,5.232107703E1,4.871159128E0,-3.025256668E0,3.428586721E0,1.168368454E2,4.560022831E0,3.000000000E0
4.889772951E2,5.232105961E1,4.871205552E0,-2.943099251E0,3.608793259E0,1.215445251E2,4.074922562E0,3.000000000E0
4.899773657E2,5.232103972E1,4.871250473E0,-3.004891691E0,3.571083307E0,1.256046219E2,4.074985504E0,3.000000000E0
4.909796894E2,5.232101886E1,4.871295107E0,-2.990704973E0,3.544870853E0,1.267012939E2,4.559853554E0,3.000000000E0
4.919863729E2,5.232099757E1,4.871338586E0,-3.082654570E0,3.790485620E0,1.296136627E2,4.075110435E0,3.000000000E0
4.929739198E2,5.232097534E1,4.871385995E0,-3.005453459E0,3.648453712E0,1.162863998E2,4.075172901E0,3.000000000E0
4.939764967E2,5.232096208E1,4.871438717E0,-2.948823774E0,3.781106949E0,1.095001755E2,4.559684277E0,3.000000000E0
4.949761540E2,5.232095154E1,4.871496811E0,-2.970330620E0,3.943007231E0,1.111368103E2,4.075297832E0,3.000000000E0
4.959774227E2,5.232093754E1,4.871558471E0,-2.666255534E0,4.084468365E0,1.110698242E2,4.075360775E0,3.000000000E0
4.969775256E2,5.232092410E1,4.871616381E0,-2.872440610E0,4.122991085E0,1.110713730E2,4.559516430E0,3.000000000E0
4.979819963E2,5.232091011E1,4.871675500E0,-3.005011225E0,4.476319790E0,1.119446640E2,4.559460163E0,3.000000000E0
4.989775643E2,5.232089585E1,4.871738208E0,-2.915232787E0,4.125179291E0,1.059977875E2,4.559405327E0,3.000000000E0
4.999734054E2,5.232088488E1,4.871796877E0,-2.687089289E0,4.149026871E0,1.067113953E2,4.559349537E0,3.000000000E0
5.009804852E2,5.232087423E1,4.871852530E0,-2.618431344E0,3.902062893E0,1.088017502E2,4.559293747E0,3.000000000E0
5.019760561E2,5.232086288E1,4.871905352E0,-2.579921966E0,3.854755878E0,1.077437592E2,4.075735569E0,3.000000000E0
5.029753763E2,5.232085484E1,4.871956567E0,-2.344379743E0,3.431143045E0,1.035742264E2,4.559182167E0,3.000000000E0
5.039789620E2,5.232085085E1,4.872007207E0,-2.137668866E0,3.300350904E0,9.562516022E1,4.559126377E0,3.000000000E0
5.049773795E2,5.232084660E1,4.872059641E0,-2.135667747E0,3.260834932E0,1.049985580E2,4.559071541E0,3.000000000E0
5.059760917E2,5.232083412E1,4.872110017E0,-1.986391760E0,3.505006075E0,1.114456711E2,4.559016228E0,3.000000000E0
5.069776272E2,5.232081999E1,4.872165496E0,-1.917127533E0,3.535394907E0,1.098699570E2,4.271987438E0,3.000000000E0
5.079791361E2,5.232081277E1,4.872215599E0,-1.682910547E0,3.377033472E0,1.037304993E2,4.076111317E0,3.000000000E0
5.089765168E2,5.232081067E1,4.872270448E0,-9.115522044E-1,3.461980343E0,9.627838135E1,4.076173782E0,3.000000000E0
5.099737964E2,5.232081223E1,4.872319971E0,-9.181429747E-1,3.289436817E0,9.969281006E1,4.076236725E0,3.000000000E0
5.109730626E2,5.232081035E1,4.872370470E0,-5.361342677E-1,2.763719559E0,1.023918762E2,4.076299667E0,3.000000000E0
5.119884469E2,5.232080829E1,4.872412543E0,-3.471752242E-1,2.760408878E0,1.023974838E2,4.076362133E0,3.000000000E0
5.129789375E2,5.232080296E1,4.872451124E0,-5.846949728E-2,2.545647383E0,1.102011185E2,4.076425076E0,3.000000000E0
5.139737043E2,5.232079349E1,4.872487789E0,6.756590781E-2,2.860664368E0,1.109702072E2,4.076487541E0,3.000000000E0
5.149710420E2,5.232078686E1,4.872532331E0,2.556320452E-1,3.407306910E0,1.009721603E2,4.076550484E0,3.000000000E0
5.159800179E2,5.232078371E1,4.872593851E0,3.421546120E-1,3.822355747E0,9.153316498E1,4.076613426E0,3.000000000E0
5.169755920E2,5.232078296E1,4.872652705E0,2.170326280E-1,3.954744816E0,9.030835724E1,4.076675892E0,3.000000000E0
5.179809754E2,5.232078140E1,4.872711950E0,-1.246395390E-1,3.941174269E0,9.203092957E1,4.076738834E0,3.000000000E0
5.189715118E2,5.232078207E1,4.872770002E0,-6.112169716E-1,3.853719950E0,8.935225677E1,4.076801777E0,3.000000000E0
5.199749581E2,5.232078211E1,4.872827318E0,-7.663312637E-1,3.935227156E0,9.318570709E1,4.076864719E0,3.000000000E0
5.209711002E2,5.232078011E1,4.872887056E0,-1.009937851E0,4.038384438E0,9.227615356E1,4.076927662E0,3.000000000E0
5.219707574E2,5.232077679E1,4.872949909E0,-1.248015590E0,4.139230728E0,9.396170044E1,4.076990604E0,3.000000000E0
5.229726226E2,5.232077276E1,4.873018449E0,-1.458732058E0,4.231317520E0,9.123338318E1,4.077053547E0,3.000000000E0
5.239756262E2,5.232077244E1,4.873089291E0,-1.941159764E0,4.198317528E0,8.869487762E1,4.077116013E0,3.000000000E0
5.249680371E2,5.232077956E1,4.873150944E0,-2.235552609E0,4.138612747E0,7.204912567E1,4.557975292E0,3.000000000E0
5.259778946E2,5.232080504E1,4.873196744E0,-1.980098127E0,4.125409603E0,3.663784790E1,4.557921410E0,3.000000000E0
5.269738028E2,5.232084762E1,4.873215956E0,-1.613204012E0,4.122377396E0,2.484351873E0,4.557868004E0,3.000000000E0
5.279788926E2,5.232089895E1,4.873197163E0,-2.000874143E0,4.503644943E0,3.365880737E2,4.557814598E0,3.000000000E0
5.289759433E2,5.232093899E1,4.873148382E0,-2.094654950E0,4.968019962E0,3.173150330E2,4.557761669E0,3.000000000E0
5.299760090E2,5.232097019E1,4.873073734E0,-1.675313515E0,4.609547615E0,3.064729309E2,4.557708740E0,3.000000000E0
5.309861514E2,5.232099306E1,4.873019767E0,-1.972879201E0,3.768123150E0,3.130403137E2,5.411939621E0,3.000000000E0
5.319748389E2,5.232101346E1,4.872986251E0,-1.609364979E0,3.784071922E0,3.362935791E2,5.411944866E0,3.000000000E0
5.329807134E2,5.232105682E1,4.872965552E0,-1.337132587E0,4.030776978E0,3.555679626E2,5.411945343E0,3.000000000E0
5.339761902E2,5.232109629E1,4.872969545E0,-1.502845247E0,4.389497757E0,3.528316040E2,4.557495117E0,3.000000000E0
5.349777660E2,5.232113882E1,4.872977608E0,-1.401356705E0,4.136229992E0,1.661124945E0,4.557441711E0,3.000000000E0
5.359782870E2,5.232117174E1,4.872980675E0,-1.127687043E0,4.174301147E0,3.564978333E2,4.557388783E0,3.000000000E0
5.369762647E2,5.232120888E1,4.872980403E0,-1.189601219E0,4.142483711E0,3.548442993E2,4.557335854E0,3.000000000E0
5.379767590E2,5.232125117E1,4.872976361E0,-1.516864027E0,4.177974701E0,1.384915590E0,4.557282925E0,3.000000000E0
5.389761683E2,5.232129097E1,4.872966461E0,-2.247676843E0,4.131177425E0,3.427879028E2,4.694276333E0,3.000000000E0
5.399773941E2,5.232132212E1,4.872930007E0,-2.471159333E0,3.765228987E0,3.284416504E2,4.694227219E0,3.000000000E0
5.409764282E2,5.232134094E1,4.872878369E0,-3.532877173E0,3.119396687E0,3.054832153E2,4.557124615E0,3.000000000E0
5.419777476E2,5.232134612E1,4.872825747E0,-3.827033687E0,3.112924337E0,2.651130066E2,4.666418076E0,3.000000000E0
5.429775345E2,5.232132902E1,4.872771634E0,-3.350478970E0,2.916976213E0,2.467781525E2,5.411970139E0,3.000000000E0
5.439775254E2,5.232130642E1,4.872724842E0,-3.147194592E0,2.544971228E0,2.449588318E2,4.556963921E0,3.000000000E0
5.449778779E2,5.232128633E1,4.872679615E0,-2.622612551E0,2.483662367E0,2.493275604E2,4.556909084E0,3.000000000E0
5.459769295E2,5.232127196E1,4.872636299E0,-2.224329815E0,2.740574598E0,2.621457520E2,4.108330250E0,3.000000000E0
5.469777479E2,5.232126613E1,4.872585165E0,-1.802959470E0,3.117356539E0,2.639969177E2,4.818910599E0,3.000000000E0
5.479744965E2,5.232125924E1,4.872533323E0,-1.702183321E0,3.171777725E0,2.588797302E2,4.819032669E0,3.000000000E0
5.489751567E2,5.232124965E1,4.872486172E0,-1.628671029E0,3.322271347E0,2.499809113E2,4.108535290E0,3.000000000E0
5.499773484E2,5.232123577E1,4.872438635E0,-1.294149830E0,3.337794781E0,2.500881653E2,4.556639671E0,3.000000000E0
5.509735599E2,5.232121740E1,4.872385342E0,-1.163680594E0,3.841212034E0,2.428925629E2,4.486131191E0,3.000000000E0
5.519800828E2,5.232119772E1,4.872332709E0,-1.148421918E0,3.804322243E0,2.440844879E2,4.689565182E0,3.000000000E0
5.529759652E2,5.232118701E1,4.872283379E0,-7.821043104E-1,3.978413343E0,2.576598206E2,4.556478500E0,3.000000000E0
5.539810688E2,5.232118715E1,4.872236900E0,-4.529960484E-1,3.630230665E0,2.670166321E2,4.079020500E0,3.000000000E0
5.549803396E2,5.232120151E1,4.872204770E0,-1.384787530E0,2.159993649E0,3.350357666E2,4.746739864E0,3.000000000E0
5.559747665E2,5.232123166E1,4.872199960E0,-1.472992169E0,2.983288527E0,8.010241508E0,5.564514160E0,3.000000000E0
5.569755991E2,5.232126947E1,4.872216630E0,-1.435206404E0,3.361202478E0,6.730453491E0,4.668017864E0,3.000000000E0
5.579731704E2,5.232131575E1,4.872229692E0,-1.195416331E0,3.465130806E0,5.743398190E0,4.664914131E0,3.000000000E0
5.589749760E2,5.232136134E1,4.872241152E0,-4.463754617E-1,3.451106310E0,1.969355464E0,4.077736855E0,3.000000000E0
5.599767435E2,5.232140874E1,4.872245554E0,-4.591801712E-1,3.329240084E0,2.892275095E0,4.079402447E0,3.000000000E0
5.609774625E2,5.232144037E1,4.872247095E0,-3.115375467E-1,3.514800310E0,3.567473145E2,4.130772591E0,3.000000000E0
5.619772080E2,5.232146641E1,4.872243456E0,-7.105602153E-1,3.242417812E0,3.573368835E2,4.079529762E0,3.000000000E0
5.629720551E2,5.232148599E1,4.872234007E0,-1.214563953E0,3.848226368E-1,3.573368835E2,4.692434788E0,3.000000000E0
