Time (s),Latitude (°),Longitude (°),Height (m),Velocity (m/s),Direction (°),Horizontal Accuracy (m),Vertical Accuracy (m)
0.554446,52.339888,4.952899,NaN,0.375107,0.322336,38.000000,0.000000
0.554446,52.339888,4.952899,NaN,0.171636,0.559768,38.000000,0.000000
0.554446,52.339888,4.952899,NaN,0.788661,0.201437,38.000000,0.000000
0.998912,52.339764,4.952968,4.225314,0.000000,NaN,3.790092,2.500000
2.032952,52.339763,4.952954,4.298486,1.670000,272.299988,3.790092,2.500000
2.994314,52.339762,4.952932,4.418956,1.520000,281.700012,3.790092,2.500000
3.996181,52.339763,4.952897,4.435233,3.080000,271.100006,3.790092,2.500000
4.994274,52.339764,4.952850,4.358120,3.200000,271.600006,3.790092,2.500000
6.021456,52.339765,4.952799,4.232971,3.530000,272.399994,3.790092,2.500000
6.993057,52.339766,4.952746,3.950044,3.740000,270.500000,3.790092,2.500000
7.993430,52.339765,4.952691,3.943663,3.850000,269.899994,3.790092,2.500000
8.992024,52.339764,4.952635,3.661464,3.810000,269.000000,3.790092,2.500000
10.017877,52.339761,4.952580,3.619253,3.890000,267.000000,3.790092,2.500000
11.041170,52.339756,4.952526,3.808668,3.720000,265.000000,3.790092,2.500000
11.997958,52.339749,4.952473,3.937595,3.800000,259.899994,3.790092,2.500000
12.995359,52.339740,4.952420,3.917715,3.840000,255.899994,3.790092,2.500000
14.030333,52.339730,4.952367,4.158759,3.790000,254.600006,3.790092,2.500000
15.001140,52.339720,4.952314,4.227379,3.940000,255.199997,3.790092,2.500000
15.992810,52.339710,4.952259,4.471596,4.070000,254.800003,3.790092,2.500000
17.063953,52.339699,4.952204,4.358206,4.110000,252.300003,3.790092,2.500000
18.019708,52.339686,4.952150,4.433536,4.070000,249.399994,3.790092,2.500000
18.998513,52.339671,4.952097,4.650404,3.980000,246.000000,3.790092,2.500000
19.997181,52.339655,4.952047,4.690086,3.890000,242.699997,3.790092,2.500000
20.993692,52.339638,4.952000,4.956208,3.780000,240.199997,3.790092,2.500000
22.001369,52.339619,4.951954,4.957315,3.900000,238.100006,3.790092,2.500000
23.004196,52.339600,4.951908,5.048448,3.850000,236.600006,3.790092,2.500000
23.992625,52.339580,4.951865,4.994501,3.780000,234.399994,3.790092,2.500000
25.017598,52.339559,4.951823,4.967897,3.760000,232.600006,3.790092,2.500000
26.025698,52.339538,4.951782,5.003854,3.800000,230.899994,3.790092,2.500000
26.999746,52.339516,4.951742,5.157181,3.790000,230.899994,3.790092,2.500000
28.000534,52.339494,4.951700,5.085348,3.940000,230.600006,3.790092,2.500000
28.994266,52.339471,4.951658,5.289759,3.930000,229.300003,3.790092,2.500000
30.031107,52.339448,4.951618,5.235687,3.840000,228.000000,3.790092,2.500000
30.997704,52.339425,4.951580,5.214087,3.780000,226.800003,3.790092,2.500000
32.026051,52.339402,4.951543,5.184553,3.690000,227.000000,3.790092,2.500000
32.993358,52.339380,4.951505,5.410941,3.720000,227.800003,3.790092,2.500000
33.993710,52.339358,4.951466,5.536071,3.690000,229.600006,3.790092,2.500000
34.993846,52.339337,4.951427,5.572456,3.610000,230.800003,3.790092,2.500000
36.001017,52.339317,4.951387,5.615678,3.640000,231.600006,3.790092,2.500000
37.021755,52.339297,4.951345,5.680628,3.660000,232.699997,3.790092,2.500000
37.995476,52.339277,4.951302,5.685336,3.720000,234.600006,3.790092,2.500000
38.997139,52.339258,4.951257,5.868389,3.700000,236.600006,3.790092,2.500000
39.996691,52.339240,4.951212,5.986013,3.630000,237.199997,3.790092,2.500000
40.992656,52.339222,4.951168,5.886230,3.620000,236.000000,3.790092,2.500000
41.989582,52.339202,4.951124,5.757332,3.670000,234.500000,3.790092,2.500000
42.991531,52.339183,4.951078,5.786454,3.800000,236.100006,3.790092,2.500000
43.999048,52.339165,4.951031,5.819298,3.810000,238.199997,3.790092,2.500000
44.993593,52.339147,4.950984,5.805269,3.800000,239.100006,3.790092,2.500000
45.991510,52.339129,4.950936,5.728922,3.930000,238.600006,3.790092,2.500000
46.996032,52.339111,4.950886,5.970079,3.960000,238.800003,3.790092,2.500000
47.994478,52.339094,4.950835,5.931634,3.990000,241.000000,3.790092,2.500000
48.997108,52.339077,4.950784,6.022279,3.950000,242.399994,3.790092,2.500000
50.003748,52.339062,4.950732,5.849925,3.930000,243.300003,3.790092,2.500000
50.994966,52.339046,4.950680,5.874653,3.960000,242.899994,3.790092,2.500000
52.032378,52.339030,4.950628,5.860501,3.920000,243.399994,3.790092,2.500000
52.995898,52.339015,4.950576,5.831764,3.880000,245.100006,3.790092,2.500000
54.018442,52.339001,4.950524,5.895618,3.860000,246.300003,3.790092,2.500000
55.030671,52.338988,4.950472,5.970337,3.880000,246.100006,3.790092,2.500000
56.018675,52.338973,4.950421,6.019359,3.900000,243.699997,3.790092,2.500000
56.992681,52.338957,4.950370,6.148580,3.910000,243.500000,3.790092,2.500000
58.020070,52.338942,4.950319,6.080962,3.890000,244.800003,3.790092,2.500000
58.990028,52.338928,4.950266,6.200419,3.860000,246.699997,3.790092,2.500000
59.997918,52.338913,4.950214,6.232045,3.920000,245.399994,3.790092,2.500000
60.988896,52.338897,4.950162,6.098143,3.880000,243.100006,3.790092,2.500000
62.017796,52.338881,4.950111,6.029304,3.890000,243.000000,3.790092,2.500000
63.023967,52.338866,4.950059,6.124346,3.870000,244.699997,3.790092,2.500000
63.998437,52.338852,4.950007,6.098966,3.870000,245.899994,3.790092,2.500000
64.997620,52.338838,4.949955,5.977517,3.900000,245.000000,3.790092,2.500000
65.996969,52.338823,4.949903,6.045887,3.920000,244.899994,3.790092,2.500000
66.994210,52.338809,4.949850,6.128845,3.930000,244.800003,3.790092,2.500000
68.001642,52.338794,4.949798,6.201609,3.920000,244.500000,3.790092,2.500000
68.997631,52.338779,4.949745,6.194172,3.910000,243.800003,3.790092,2.500000
69.990088,52.338763,4.949694,6.314481,3.870000,242.199997,3.790092,2.500000
70.993767,52.338747,4.949642,6.358374,4.000000,241.399994,3.790092,2.500000
71.996374,52.338730,4.949590,6.179182,3.980000,241.699997,3.790092,2.500000
73.000264,52.338714,4.949538,6.400504,3.920000,243.500000,3.790092,2.500000
73.998861,52.338699,4.949486,6.546692,3.920000,244.699997,3.790092,2.500000
74.992933,52.338684,4.949435,6.379833,3.840000,245.199997,3.790092,2.500000
75.993669,52.338671,4.949383,6.534325,3.840000,247.100006,3.790092,2.500000
76.992804,52.338659,4.949331,6.381507,3.690000,249.199997,3.790092,2.500000
78.028797,52.338647,4.949280,6.428703,3.710000,248.699997,3.790092,2.500000
78.998302,52.338635,4.949228,6.460760,3.860000,247.000000,3.790092,2.500000
80.018258,52.338621,4.949178,6.543413,3.790000,244.899994,3.790092,2.500000
80.993633,52.338606,4.949127,6.502287,3.890000,245.399994,3.790092,2.500000
82.002394,52.338592,4.949075,6.486428,3.900000,245.399994,3.790092,2.500000
82.994790,52.338577,4.949022,6.532398,3.940000,245.899994,3.790092,2.500000
83.993489,52.338563,4.948969,6.603819,3.940000,245.899994,3.790092,2.500000
84.993986,52.338548,4.948917,6.547250,3.940000,245.100006,3.790092,2.500000
85.996663,52.338533,4.948865,6.475971,3.900000,244.000000,3.790092,2.500000
87.030856,52.338518,4.948814,6.573393,3.930000,242.899994,3.790092,2.500000
88.002491,52.338502,4.948763,6.553444,3.920000,242.899994,3.790092,2.500000
88.993930,52.338487,4.948712,6.527880,3.860000,243.800003,3.790092,2.500000
89.998877,52.338471,4.948659,6.492610,4.030000,243.899994,3.790092,2.500000
90.991850,52.338455,4.948605,6.427432,4.000000,243.699997,3.790092,2.500000
91.997696,52.338440,4.948551,6.410045,4.030000,243.600006,3.790092,2.500000
92.998330,52.338424,4.948497,6.319110,4.060000,244.000000,3.790092,2.500000
93.995754,52.338408,4.948443,6.054531,4.080000,244.800003,3.790092,2.500000
94.993474,52.338394,4.948388,5.975743,4.100000,245.600006,3.790092,2.500000
95.992355,52.338379,4.948333,5.837996,4.030000,245.699997,3.790092,2.500000
96.996670,52.338364,4.948280,5.604728,3.980000,244.600006,3.790092,2.500000
97.995930,52.338347,4.948227,5.747985,3.970000,242.699997,3.790092,2.500000
98.992359,52.338330,4.948176,5.734626,3.960000,242.399994,3.790092,2.500000
99.997392,52.338314,4.948123,5.967299,4.010000,243.600006,3.790092,2.500000
100.994266,52.338299,4.948071,6.107445,3.880000,245.800003,3.790092,2.500000
101.998020,52.338285,4.948019,6.015965,3.840000,246.399994,3.790092,2.500000
102.995649,52.338270,4.947968,5.988998,3.900000,245.300003,3.790092,2.500000
104.026146,52.338254,4.947917,6.255670,3.970000,243.300003,3.790092,2.500000
105.018763,52.338237,4.947865,6.020936,4.050000,243.899994,3.790092,2.500000
105.996622,52.338221,4.947813,6.052805,3.980000,243.899994,3.790092,2.500000
106.990971,52.338205,4.947762,6.056475,4.010000,244.300003,3.790092,2.500000
107.992501,52.338189,4.947711,6.203579,3.960000,243.699997,3.790092,2.500000
108.990049,52.338173,4.947660,6.202857,3.850000,245.300003,3.790092,2.500000
109.991410,52.338160,4.947610,6.024220,3.710000,246.500000,3.790092,2.500000
110.991239,52.338145,4.947562,6.092042,3.660000,245.100006,3.790092,2.500000
111.996286,52.338130,4.947514,6.216689,3.690000,244.500000,3.790092,2.500000
112.996150,52.338115,4.947466,6.437709,3.670000,244.300003,3.790092,2.500000
113.999654,52.338101,4.947418,6.608865,3.610000,245.000000,3.790092,2.500000
115.063953,52.338086,4.947369,6.653433,3.690000,244.000000,3.790092,2.500000
115.993992,52.338072,4.947319,6.470828,3.690000,244.600006,3.790092,2.500000
116.993495,52.338058,4.947270,6.413040,3.680000,244.300003,3.790092,2.500000
117.992147,52.338042,4.947219,6.441370,3.810000,244.000000,3.790092,2.500000
118.994197,52.338026,4.947168,6.301547,3.810000,242.800003,3.790092,2.500000
119.991310,52.338011,4.947117,6.357527,3.770000,244.699997,3.790092,2.500000
120.993410,52.337996,4.947065,6.308526,3.880000,245.800003,3.790092,2.500000
121.997944,52.337982,4.947012,6.388370,3.850000,246.300003,3.790092,2.500000
122.991753,52.337967,4.946961,6.385878,3.750000,245.000000,3.790092,2.500000
123.998862,52.337952,4.946911,6.379114,3.700000,244.100006,3.790092,2.500000
124.998223,52.337936,4.946861,6.418369,3.810000,243.399994,3.790092,2.500000
126.001147,52.337920,4.946812,6.716414,3.750000,244.100006,3.790092,2.500000
126.994557,52.337905,4.946763,6.775935,3.720000,244.800003,3.790092,2.500000
127.993319,52.337891,4.946714,6.990487,3.710000,245.199997,3.790092,2.500000
129.020993,52.337876,4.946666,6.825888,3.710000,245.199997,3.790092,2.500000
129.999844,52.337862,4.946619,6.833958,3.630000,245.300003,3.790092,2.500000
130.994813,52.337848,4.946572,6.806018,3.610000,244.699997,3.790092,2.500000
132.000682,52.337833,4.946526,6.650575,3.570000,243.100006,3.790092,2.500000
133.024281,52.337817,4.946482,6.831679,3.600000,242.000000,3.790092,2.500000
134.026920,52.337801,4.946437,6.895230,3.530000,242.699997,3.790092,2.500000
135.018963,52.337787,4.946391,6.942058,3.650000,245.000000,3.790092,2.500000
136.021265,52.337773,4.946344,7.067866,3.530000,246.100006,3.790092,2.500000
137.023690,52.337759,4.946296,7.065194,3.760000,246.399994,3.790092,2.500000
138.038912,52.337745,4.946246,6.935323,3.840000,246.000000,3.790092,2.500000
138.991982,52.337730,4.946195,7.122163,3.910000,245.899994,3.790092,2.500000
139.990287,52.337715,4.946144,7.395549,3.930000,244.600006,3.790092,2.500000
141.024540,52.337699,4.946093,7.391774,3.890000,243.800003,3.790092,2.500000
142.022865,52.337684,4.946042,7.382447,3.870000,244.600006,3.790092,2.500000
142.995677,52.337669,4.945991,7.749217,3.930000,245.199997,3.790092,2.500000
143.993424,52.337656,4.945939,7.729759,3.770000,247.000000,3.790092,2.500000
144.988752,52.337643,4.945887,7.799109,3.850000,248.000000,3.790092,2.500000
146.028493,52.337631,4.945833,7.884144,3.860000,249.399994,3.790092,2.500000
147.017884,52.337619,4.945780,7.818178,3.850000,248.899994,3.790092,2.500000
147.990719,52.337607,4.945725,7.754653,3.950000,249.800003,3.790092,2.500000
149.006967,52.337594,4.945671,7.522976,3.890000,249.600006,3.790092,2.500000
149.997251,52.337582,4.945616,7.452675,3.920000,249.000000,3.790092,2.500000
150.995716,52.337568,4.945563,7.643909,3.990000,246.500000,3.790092,2.500000
152.032666,52.337554,4.945509,7.749083,3.960000,247.300003,3.790092,2.500000
153.002986,52.337541,4.945454,7.664376,4.020000,248.100006,3.790092,2.500000
154.025957,52.337528,4.945399,7.661092,4.040000,250.100006,3.790092,2.500000
155.031400,52.337515,4.945343,7.617157,4.120000,248.800003,3.790092,2.500000
155.990720,52.337501,4.945287,7.544901,4.110000,248.600006,3.790092,2.500000
157.020150,52.337488,4.945232,7.658925,4.020000,248.000000,3.790092,2.500000
157.992937,52.337475,4.945178,7.774354,3.930000,248.500000,3.790092,2.500000
159.021286,52.337463,4.945124,7.682509,3.850000,248.600006,3.790092,2.500000
159.994037,52.337450,4.945072,7.918484,3.820000,247.899994,3.790092,2.500000
160.990606,52.337437,4.945019,7.957986,3.830000,248.300003,3.790092,2.500000
162.037322,52.337425,4.944967,8.017510,3.730000,249.300003,3.790092,2.500000
163.027927,52.337413,4.944915,8.064338,3.830000,249.500000,3.790092,2.500000
163.995316,52.337402,4.944863,8.007102,3.840000,249.500000,3.790092,2.500000
165.034721,52.337389,4.944812,8.109472,3.830000,248.100006,3.790092,2.500000
165.990876,52.337377,4.944760,7.878773,3.750000,248.100006,3.790092,2.500000
167.002940,52.337364,4.944709,8.009402,3.780000,248.300003,3.790092,2.500000
168.018050,52.337352,4.944657,7.987931,3.840000,249.100006,3.790092,2.500000
168.994231,52.337340,4.944602,7.911406,4.000000,250.199997,3.790092,2.500000
169.995333,52.337328,4.944547,7.927165,3.870000,249.800003,3.790092,2.500000
170.993504,52.337315,4.944493,7.852042,3.960000,249.100006,3.790092,2.500000
171.993407,52.337301,4.944439,7.765872,3.920000,248.300003,3.790092,2.500000
172.994296,52.337287,4.944386,7.819654,3.960000,248.100006,3.790092,2.500000
173.997064,52.337273,4.944332,7.446496,3.990000,247.800003,3.790092,2.500000
174.998026,52.337259,4.944278,7.571506,3.970000,247.399994,3.790092,2.500000
175.996471,52.337245,4.944225,7.595502,3.970000,248.000000,3.790092,2.500000
176.994131,52.337231,4.944171,7.525933,3.940000,249.000000,3.790092,2.500000
178.000724,52.337218,4.944118,7.537786,3.830000,248.899994,3.790092,2.500000
179.029449,52.337205,4.944066,7.444293,3.780000,248.800003,3.790092,2.500000
179.998606,52.337192,4.944015,7.437043,3.720000,248.300003,3.790092,2.500000
180.999048,52.337179,4.943964,7.473189,3.670000,248.800003,3.790092,2.500000
181.991924,52.337166,4.943913,7.512266,3.660000,248.000000,3.790092,2.500000
182.996454,52.337153,4.943864,7.404614,3.620000,247.899994,3.790092,2.500000
183.992378,52.337140,4.943812,7.354944,3.800000,248.000000,3.790092,2.500000
184.999706,52.337128,4.943759,7.402747,3.860000,250.800003,3.790092,2.500000
185.991095,52.337120,4.943703,7.869012,3.970000,258.399994,3.790092,2.500000
186.997860,52.337119,4.943645,7.680928,3.750000,268.500000,3.790092,2.500000
187.996373,52.337125,4.943591,7.650327,3.550000,279.700012,3.790092,2.500000
188.994950,52.337135,4.943539,7.624373,3.530000,286.899994,3.790092,2.500000
189.996222,52.337153,4.943492,7.720745,3.620000,298.899994,3.790092,2.500000
190.992995,52.337175,4.943448,7.985156,3.590000,306.899994,3.790092,2.500000
191.992790,52.337199,4.943408,8.446532,3.510000,313.299988,3.790092,2.500000
192.994703,52.337225,4.943369,8.497999,3.830000,312.299988,3.790092,2.500000
193.993494,52.337249,4.943327,8.389427,3.620000,309.100006,3.790092,2.500000
194.991977,52.337272,4.943287,8.023227,3.670000,310.399994,3.790092,2.500000
195.992894,52.337299,4.943242,7.528610,4.530000,310.299988,3.790092,2.500000
197.016874,52.337325,4.943195,7.852107,4.150000,311.600006,3.790092,2.500000
197.998049,52.337352,4.943148,7.158758,4.420000,310.100006,3.790092,2.500000
199.019133,52.337376,4.943098,7.605176,4.250000,306.299988,3.790092,2.500000
199.993929,52.337401,4.943046,7.514116,4.460000,305.500000,3.827345,2.906005
200.998457,52.337425,4.942993,7.455039,4.320000,304.799988,4.716370,3.378248
202.026513,52.337448,4.942947,8.067899,3.790000,307.000000,4.816103,3.366140
202.998347,52.337470,4.942906,7.923315,3.760000,309.500000,5.528491,3.336075
203.994905,52.337491,4.942868,5.804793,3.520000,307.399994,4.722898,3.221344
205.031127,52.337516,4.942819,6.746512,4.970000,308.500000,4.528257,2.975452
206.025557,52.337542,4.942765,6.737545,4.240000,306.500000,3.790092,2.685587
206.994186,52.337566,4.942713,7.061463,3.970000,308.600006,3.790092,2.533666
208.029899,52.337586,4.942663,7.885560,4.180000,305.200012,3.790092,2.500000
208.991782,52.337602,4.942607,7.811087,4.280000,297.000000,3.790092,2.500000
209.994065,52.337607,4.942560,7.573823,2.710000,281.700012,3.790092,2.617452
211.063953,52.337600,4.942537,7.025462,1.110000,264.600006,3.790092,2.599483
212.000627,52.337583,4.942545,6.804250,0.000000,NaN,3.790092,2.673166
212.995633,52.337574,4.942550,6.737712,0.000000,NaN,3.790092,2.876752
214.022656,52.337570,4.942552,6.942846,0.000000,NaN,3.790092,2.944666
214.995568,52.337567,4.942553,7.300631,0.000000,NaN,3.790092,3.044690
215.995132,52.337565,4.942552,7.075896,0.280000,267.299988,3.790092,2.919673
216.997421,52.337560,4.942548,6.910175,0.680000,267.299988,3.790092,3.099991
217.994956,52.337553,4.942536,8.057437,1.330000,267.299988,4.104954,3.407403
218.996698,52.337544,4.942520,8.037762,1.430000,267.299988,4.467539,3.571531
219.995531,52.337531,4.942499,8.007213,2.330000,231.500000,4.207922,3.745507
220.992398,52.337515,4.942475,8.412145,2.120000,227.199997,4.355949,3.825490
221.996478,52.337494,4.942445,8.086415,3.070000,229.899994,4.404083,3.657577
222.995339,52.337481,4.942401,8.587348,3.270000,253.399994,4.010302,3.559283
224.006925,52.337485,4.942349,8.381207,3.640000,280.600006,3.790092,3.095242
224.991542,52.337503,4.942296,8.104774,3.950000,302.500000,3.790092,2.787794
225.993539,52.337525,4.942245,7.570170,4.030000,304.500000,3.790092,2.500000
226.993419,52.337548,4.942193,7.257062,4.070000,303.299988,3.790092,2.500000
227.995402,52.337570,4.942139,7.305585,4.130000,300.500000,3.790092,2.500000
228.991776,52.337591,4.942082,7.403056,4.390000,300.000000,3.790092,2.500000
229.992680,52.337614,4.942024,7.517801,4.510000,301.100006,3.790092,2.500000
230.990594,52.337638,4.941966,7.149272,4.580000,303.399994,3.790092,2.500000
231.995562,52.337664,4.941907,7.084212,4.870000,305.600006,3.790092,2.500000
232.993682,52.337692,4.941847,6.563282,4.900000,305.700012,3.790092,2.500000
233.993332,52.337719,4.941788,6.093621,4.990000,306.200012,3.790092,2.500000
234.996002,52.337751,4.941722,5.836183,5.040000,306.700012,3.790092,2.500000
235.996015,52.337778,4.941665,5.307563,5.120000,308.700012,3.790092,2.500000
236.997041,52.337805,4.941603,5.223216,5.230000,304.700012,3.790092,2.500000
237.993542,52.337833,4.941539,5.201001,5.320000,304.000000,3.790092,2.500000
238.996336,52.337858,4.941475,4.455762,5.220000,301.299988,3.790092,2.500000
239.993347,52.337888,4.941415,4.664693,5.340000,309.100006,3.790092,2.500000
240.995873,52.337916,4.941351,4.386009,5.260000,305.799988,3.790092,2.500000
241.998432,52.337945,4.941287,4.214567,5.320000,309.100006,3.790092,2.500000
243.004519,52.337976,4.941222,4.170934,5.310000,306.700012,3.790092,2.500000
243.992737,52.338005,4.941154,4.084448,5.350000,304.299988,3.790092,2.500000
244.992958,52.338035,4.941085,3.841592,5.460000,307.000000,3.790092,2.500000
246.009945,52.338065,4.941024,3.831163,5.630000,306.899994,3.790092,2.500000
246.990602,52.338096,4.940961,3.793025,5.600000,306.700012,3.790092,2.500000
247.999212,52.338128,4.940897,3.619021,5.600000,308.600006,3.790092,2.500000
248.993624,52.338160,4.940835,3.479201,5.630000,309.100006,3.790092,2.500000
249.993418,52.338191,4.940770,2.922078,5.570000,309.000000,3.790092,2.500000
250.992654,52.338224,4.940706,2.674591,5.600000,308.399994,3.790092,2.500000
251.997531,52.338261,4.940639,2.465987,5.630000,310.799988,3.790092,2.500000
252.998048,52.338292,4.940575,2.131339,5.470000,308.399994,3.790092,2.500000
253.991858,52.338322,4.940510,2.500608,5.480000,312.500000,3.790092,2.500000
254.998776,52.338357,4.940452,2.304396,5.490000,313.200012,3.790092,2.500000
255.999791,52.338391,4.940392,2.155545,5.300000,315.399994,3.790092,2.500000
256.995561,52.338424,4.940342,2.336899,5.110000,314.000000,3.790092,2.500000
257.995041,52.338455,4.940284,2.315425,5.060000,314.200012,3.790092,2.500000
259.000035,52.338485,4.940228,2.199530,4.880000,313.799988,3.790092,2.500000
259.993387,52.338516,4.940172,2.324481,4.830000,315.600006,3.790092,2.500000
260.995110,52.338546,4.940113,2.100063,4.970000,314.000000,3.790092,2.500000
262.003494,52.338580,4.940054,2.642619,5.010000,315.700012,3.790092,2.500000
262.995162,52.338609,4.940010,2.372372,4.780000,315.399994,3.790092,2.500000
263.995904,52.338640,4.939961,2.359387,5.050000,316.100006,3.790092,2.500000
264.996012,52.338673,4.939913,2.304475,5.020000,317.899994,3.790092,2.500000
265.993200,52.338704,4.939860,1.940231,5.000000,314.399994,3.790092,2.500000
266.998508,52.338736,4.939805,1.985960,4.980000,313.899994,3.790092,2.500000
268.029544,52.338766,4.939751,1.712352,5.040000,315.399994,3.790092,2.500000
268.994903,52.338799,4.939696,1.554103,5.170000,314.200012,3.790092,2.500000
270.030293,52.338834,4.939642,1.766402,5.230000,319.500000,3.790092,2.500000
270.997290,52.338866,4.939586,1.689449,4.880000,314.600006,3.790092,2.500000
271.993455,52.338899,4.939539,1.723100,4.890000,317.799988,3.790092,2.500000
272.996345,52.338930,4.939485,1.756499,5.040000,315.700012,3.790092,2.500000
273.993280,52.338964,4.939438,1.864981,5.020000,318.500000,3.790092,2.500000
274.996011,52.338996,4.939386,1.569830,5.020000,315.500000,3.790092,2.500000
276.018981,52.339027,4.939333,1.569294,5.170000,314.700012,3.790092,2.500000
276.992811,52.339062,4.939280,1.486793,5.220000,316.600006,3.790092,2.500000
277.996709,52.339095,4.939225,1.371941,5.300000,316.399994,3.790092,2.500000
278.992474,52.339128,4.939174,1.311229,5.280000,317.700012,3.790092,2.500000
279.993670,52.339160,4.939124,1.312528,5.010000,316.500000,3.790092,2.500000
280.994584,52.339200,4.939078,1.291501,5.260000,319.899994,3.790092,2.500000
282.033705,52.339223,4.939011,1.873222,5.090000,305.600006,3.790092,2.500000
282.995032,52.339251,4.938956,1.757385,4.810000,293.500000,3.790092,2.500000
283.996140,52.339265,4.938890,2.028118,4.950000,286.899994,3.790092,2.500000
285.001423,52.339281,4.938828,1.764984,4.760000,292.200012,3.790092,2.500000
285.996542,52.339306,4.938774,2.067722,4.630000,306.000000,3.790092,2.500000
286.992395,52.339334,4.938724,2.214217,4.470000,318.500000,3.790092,2.500000
287.995086,52.339365,4.938687,2.194160,4.570000,331.700012,3.790092,2.500000
288.993012,52.339399,4.938650,2.234897,4.470000,332.200012,3.790092,2.500000
289.993434,52.339445,4.938640,1.905307,5.000000,346.200012,3.790092,2.500000
290.997257,52.339480,4.938606,1.740297,4.680000,336.100006,3.790092,2.500000
291.998291,52.339513,4.938567,1.931423,4.790000,321.799988,3.790092,2.500000
292.996191,52.339545,4.938517,1.996016,5.040000,311.299988,3.790092,2.500000
293.996980,52.339577,4.938467,1.977904,4.850000,313.000000,3.790092,2.500000
294.993112,52.339610,4.938417,2.289080,4.780000,316.399994,3.790092,2.500000
296.004028,52.339640,4.938375,1.722266,4.480000,316.000000,3.790092,2.500000
296.995882,52.339670,4.938328,1.665824,4.610000,319.200012,3.790092,2.500000
297.999785,52.339700,4.938283,1.457588,4.430000,320.299988,3.790092,2.500000
298.996795,52.339726,4.938237,1.435565,4.240000,316.200012,3.790092,2.500000
299.995733,52.339758,4.938179,1.331391,4.640000,315.799988,3.790092,2.500000
300.996818,52.339788,4.938131,1.576218,4.270000,316.200012,3.790092,2.500000
301.994516,52.339817,4.938083,1.919310,4.360000,315.500000,3.790092,2.500000
302.998955,52.339844,4.938037,1.660899,4.240000,316.700012,3.790092,2.500000
303.992663,52.339872,4.937994,1.760891,4.390000,319.500000,3.790092,2.500000
304.995836,52.339901,4.937952,1.849714,4.330000,318.500000,3.790092,2.500000
305.992059,52.339929,4.937910,1.708250,4.100000,318.200012,3.790092,2.500000
307.000993,52.339956,4.937871,1.511732,4.010000,318.000000,3.790092,2.500000
307.992585,52.339984,4.937830,1.802398,4.140000,317.500000,3.790092,2.500000
308.998640,52.340011,4.937788,1.919112,4.080000,316.700012,3.790092,2.500000
309.993199,52.340038,4.937745,2.093624,3.990000,315.399994,3.790092,2.500000
311.000800,52.340064,4.937701,2.331429,4.080000,314.200012,3.790092,2.500000
312.017792,52.340090,4.937657,2.361042,4.120000,313.799988,3.790092,2.500000
312.993709,52.340116,4.937613,2.138947,3.940000,315.299988,3.790092,2.500000
313.998642,52.340143,4.937572,1.957382,4.030000,316.799988,3.790092,2.500000
314.998632,52.340171,4.937530,2.336366,4.310000,317.799988,3.790092,2.500000
315.997988,52.340199,4.937487,2.121660,4.180000,317.100006,3.790092,2.500000
316.995185,52.340227,4.937444,2.257416,4.210000,315.600006,3.790092,2.500000
317.993530,52.340254,4.937399,2.350264,4.270000,315.500000,3.790092,2.500000
318.995142,52.340282,4.937353,2.518979,4.360000,314.600006,3.790092,2.500000
319.991732,52.340311,4.937307,2.848461,4.280000,315.399994,3.790092,2.500000
320.994841,52.340340,4.937261,2.956813,4.330000,315.700012,3.790092,2.500000
322.002427,52.340368,4.937215,2.923624,4.370000,315.200012,3.790092,2.500000
322.998160,52.340395,4.937169,2.874930,4.230000,315.600006,3.790092,2.500000
324.032487,52.340423,4.937123,2.974735,4.390000,315.100006,3.790092,2.500000
324.995470,52.340451,4.937077,2.842670,4.230000,316.600006,3.790092,2.500000
325.995338,52.340480,4.937034,2.843357,4.310000,317.799988,3.790092,2.500000
326.991202,52.340510,4.936989,3.114431,4.360000,317.100006,3.790092,2.500000
328.019117,52.340539,4.936944,2.968267,4.340000,315.600006,3.790092,2.500000
329.036798,52.340567,4.936898,2.919086,4.310000,314.100006,3.790092,2.500000
329.993095,52.340595,4.936853,2.819796,4.300000,316.200012,3.790092,2.500000
330.992738,52.340624,4.936810,2.766955,4.400000,317.299988,3.790092,2.500000
332.020641,52.340653,4.936766,2.767703,4.390000,316.700012,3.790092,2.500000
332.997319,52.340681,4.936721,2.609394,4.470000,316.000000,3.790092,2.500000
333.994301,52.340711,4.936676,2.295933,4.530000,316.399994,3.790092,2.500000
334.993384,52.340741,4.936628,2.494374,4.710000,315.600006,3.790092,2.500000
335.997540,52.340769,4.936581,2.328127,4.390000,314.299988,3.790092,2.500000
337.004479,52.340796,4.936535,2.454542,4.410000,313.500000,3.790092,2.500000
338.001132,52.340824,4.936490,2.307462,4.240000,316.000000,3.790092,2.500000
338.993530,52.340851,4.936449,2.161969,4.180000,316.700012,3.790092,2.500000
340.003335,52.340878,4.936407,2.180233,4.110000,316.600006,3.790092,2.500000
340.996456,52.340905,4.936365,2.039256,4.190000,315.299988,3.790092,2.500000
342.032854,52.340932,4.936322,2.121484,4.280000,315.500000,3.790092,2.500000
342.991462,52.340960,4.936278,2.314797,4.300000,315.200012,3.790092,2.500000
343.994959,52.340988,4.936236,2.251702,4.310000,317.100006,3.790092,2.500000
344.993805,52.341019,4.936189,2.159800,4.910000,316.200012,3.790092,2.500000
346.032600,52.341053,4.936136,2.097929,5.240000,315.500000,3.790092,2.500000
347.000857,52.341088,4.936083,2.196520,5.460000,317.500000,3.790092,2.500000
347.998168,52.341123,4.936027,2.124943,5.540000,314.299988,3.790092,2.500000
348.995159,52.341160,4.935966,2.571494,6.040000,314.700012,3.790092,2.500000
350.001437,52.341196,4.935903,2.605688,5.940000,314.500000,3.790092,2.500000
350.995456,52.341232,4.935828,2.397384,6.460000,312.100006,3.790092,2.500000
352.000909,52.341277,4.935765,2.381053,6.800000,318.799988,3.790092,2.500000
352.992340,52.341319,4.935699,2.486117,6.430000,318.000000,3.790092,2.500000
353.996732,52.341361,4.935640,2.205565,5.900000,317.399994,3.790092,2.500000
354.994750,52.341402,4.935581,2.233361,5.830000,319.100006,3.790092,2.500000
355.994642,52.341440,4.935526,2.300582,5.580000,318.299988,3.790092,2.500000
356.996649,52.341478,4.935472,2.151801,5.380000,318.399994,3.790092,2.500000
357.996399,52.341516,4.935421,2.119539,5.540000,319.799988,3.790092,2.500000
358.999880,52.341558,4.935378,1.632696,5.490000,320.700012,3.790092,2.500000
359.995027,52.341593,4.935325,1.232203,5.470000,318.000000,3.790092,2.500000
360.990025,52.341634,4.935277,1.262874,5.380000,320.100006,3.790092,2.500000
361.994084,52.341672,4.935231,1.041160,5.240000,321.299988,3.790092,2.500000
363.000435,52.341707,4.935183,0.945723,5.030000,319.700012,3.790092,2.500000
363.992590,52.341740,4.935126,1.203123,5.080000,315.200012,3.790092,2.500000
364.992417,52.341775,4.935076,1.456745,5.000000,318.799988,3.790092,2.500000
365.995364,52.341809,4.935027,1.721169,4.880000,319.299988,3.790092,2.500000
366.993046,52.341839,4.934978,1.963189,4.830000,318.000000,3.790092,2.500000
367.993704,52.341875,4.934933,2.323565,5.010000,321.000000,3.790092,2.500000
368.994016,52.341909,4.934885,2.263466,4.750000,318.600006,3.790092,2.500000
370.017422,52.341943,4.934832,2.373226,4.750000,318.899994,3.790092,2.500000
370.994443,52.341977,4.934788,2.352253,4.860000,324.100006,3.790092,2.500000
371.992715,52.342011,4.934740,2.506326,4.430000,317.600006,3.790092,2.500000
372.995673,52.342044,4.934702,2.246097,4.240000,320.200012,3.790092,2.500000
373.996504,52.342080,4.934662,1.877777,4.970000,318.100006,3.790092,2.500000
375.002712,52.342113,4.934617,1.455498,4.750000,325.299988,3.790092,2.500000
375.992887,52.342144,4.934569,1.531564,4.910000,317.399994,3.790092,2.500000
376.996750,52.342178,4.934524,1.223174,4.730000,322.700012,3.790092,2.500000
377.992860,52.342209,4.934485,1.329093,4.430000,323.000000,3.790092,2.500000
378.996461,52.342242,4.934440,1.281689,4.660000,320.799988,3.790092,2.500000
379.994218,52.342273,4.934394,1.718536,4.440000,316.899994,3.790092,2.500000
380.996846,52.342304,4.934352,1.384083,4.380000,320.399994,3.790092,2.500000
381.992534,52.342336,4.934312,1.472118,4.400000,320.799988,3.790092,2.500000
382.998949,52.342367,4.934274,1.425876,4.210000,323.000000,3.790092,2.500000
383.998882,52.342398,4.934236,0.881343,4.060000,322.799988,3.790092,2.500000
384.992626,52.342429,4.934196,0.625015,4.330000,321.899994,3.790092,2.500000
386.002858,52.342460,4.934153,0.785496,4.560000,320.299988,3.790092,2.500000
386.996079,52.342491,4.934109,0.749505,4.360000,319.500000,3.790092,2.500000
388.003003,52.342521,4.934068,0.447277,4.070000,320.500000,3.790092,2.500000
388.997128,52.342552,4.934028,0.620090,4.490000,323.500000,3.790092,2.500000
389.993424,52.342585,4.933990,0.355465,4.200000,324.700012,3.790092,2.500000
390.993381,52.342616,4.933952,0.513020,4.230000,325.000000,3.790092,2.500000
391.994852,52.342650,4.933909,0.539166,4.720000,323.200012,3.790092,2.500000
392.992294,52.342681,4.933861,0.335631,4.520000,320.799988,3.790092,2.500000
393.993445,52.342712,4.933813,0.430373,4.490000,320.700012,3.790092,2.500000
394.995039,52.342743,4.933765,1.042450,4.660000,319.000000,3.790092,2.500000
396.003853,52.342771,4.933720,0.253830,3.920000,318.600006,3.790092,2.500000
396.993677,52.342800,4.933673,0.330443,4.860000,317.200012,3.790092,2.500000
397.999430,52.342829,4.933628,0.292251,3.950000,319.100006,3.790092,2.500000
399.006524,52.342859,4.933585,0.639375,4.780000,319.399994,3.790092,2.500000
399.994037,52.342892,4.933540,0.834280,4.720000,320.700012,3.790092,2.500000
400.997783,52.342925,4.933496,0.416395,4.850000,322.200012,3.790092,2.500000
402.032955,52.342960,4.933454,0.367287,4.660000,324.399994,3.790092,2.500000
403.010137,52.342993,4.933410,0.400330,4.720000,317.700012,3.790092,2.500000
403.995849,52.343026,4.933362,0.622394,4.810000,318.200012,3.790092,2.500000
405.030811,52.343057,4.933315,0.491491,4.530000,317.100006,3.790092,2.500000
405.995071,52.343086,4.933272,-0.102669,4.090000,319.100006,3.790092,2.500000
406.994891,52.343117,4.933228,0.210398,4.790000,320.200012,3.790092,2.500000
408.033248,52.343149,4.933180,0.292265,4.770000,317.700012,3.790092,2.500000
408.993026,52.343179,4.933137,0.099961,3.970000,320.700012,3.790092,2.500000
409.995299,52.343208,4.933101,-0.124629,3.940000,323.299988,3.790092,2.500000
410.994187,52.343235,4.933062,0.099020,4.010000,321.200012,3.790092,2.500000
412.027973,52.343256,4.933013,0.283654,4.120000,305.600006,3.790092,2.500000
413.027081,52.343267,4.932954,-0.073665,4.320000,286.299988,3.790092,2.500000
414.022319,52.343264,4.932888,-0.279761,4.410000,266.399994,3.790092,2.500000
414.996836,52.343247,4.932825,-0.970129,4.790000,247.600006,3.790092,2.500000
415.993346,52.343195,4.932781,-1.213758,5.090000,232.000000,3.790092,2.500000
416.996015,52.343165,4.932722,-1.428190,5.560000,229.399994,3.790092,2.500000
417.991533,52.343138,4.932670,-1.466467,4.730000,229.399994,3.790092,2.500000
418.991612,52.343110,4.932617,-1.145553,4.700000,230.300003,4.457242,2.500000
419.990290,52.343081,4.932564,-1.146358,4.790000,228.800003,6.408523,2.899182
420.996555,52.343071,4.932500,-0.964218,4.400000,239.600006,8.593052,3.353629
422.033173,52.343029,4.932492,-1.235278,4.240000,212.000000,6.416275,3.592678
422.995710,52.343092,4.932447,-5.424546,2.010000,265.500000,4.583974,3.128984
423.997540,52.343040,4.932389,-5.126375,5.850000,223.699997,4.105616,2.868516
424.992384,52.343008,4.932350,-5.001259,4.430000,234.100006,3.790092,2.540813
425.992000,52.342985,4.932301,-4.709388,4.190000,243.600006,3.790092,2.500000
426.993474,52.342974,4.932246,-3.333154,4.540000,276.200012,3.790092,2.500000
428.032072,52.342995,4.932187,-2.968168,4.900000,316.600006,3.790092,2.500000
428.994150,52.343019,4.932147,-2.919633,4.420000,325.899994,3.790092,2.500000
430.020131,52.343045,4.932106,-2.375370,4.150000,319.399994,3.790092,2.500000
430.987730,52.343074,4.932063,-1.859058,4.290000,317.600006,3.790092,2.500000
431.994183,52.343104,4.932028,-1.931605,3.970000,325.799988,3.790092,2.500000
432.993797,52.343127,4.931989,-2.078446,3.930000,314.700012,3.790092,2.500000
434.001962,52.343154,4.931947,-1.770997,4.330000,318.899994,3.790092,2.500000
434.994326,52.343183,4.931908,-1.574201,4.150000,323.299988,3.790092,2.500000
436.034712,52.343211,4.931870,-1.727198,4.070000,322.600006,3.790092,2.500000
436.995235,52.343239,4.931831,-2.056587,4.220000,321.600006,3.790092,2.500000
438.026951,52.343269,4.931789,-1.658925,4.470000,321.399994,3.790092,2.500000
438.998599,52.343301,4.931746,-1.006438,4.600000,322.100006,3.790092,2.500000
439.996255,52.343332,4.931705,-1.153452,4.240000,323.600006,3.790092,2.500000
440.997964,52.343363,4.931666,-0.850818,4.230000,324.500000,3.790092,2.500000
442.019839,52.343393,4.931632,-1.282131,3.850000,325.600006,3.790092,2.500000
442.991773,52.343422,4.931601,-1.205997,3.940000,326.899994,3.790092,2.500000
443.991837,52.343453,4.931567,-0.831948,4.330000,327.000000,3.790092,2.500000
444.996473,52.343485,4.931529,-0.671157,4.380000,324.299988,3.790092,2.500000
446.003092,52.343518,4.931487,-0.605462,4.510000,323.299988,3.790092,2.500000
446.994219,52.343548,4.931448,-0.848300,3.980000,323.200012,3.790092,2.500000
447.995584,52.343577,4.931409,-1.260940,4.200000,323.500000,3.790092,2.500000
448.996480,52.343608,4.931372,-0.816154,4.220000,326.399994,3.790092,2.500000
449.991887,52.343642,4.931334,-0.161281,4.670000,327.000000,3.790092,2.500000
450.997750,52.343678,4.931297,0.025699,4.440000,329.000000,3.790092,2.500000
451.995619,52.343710,4.931257,0.572048,4.380000,326.100006,3.790092,2.500000
453.028625,52.343740,4.931222,0.901354,3.690000,327.899994,3.790092,2.500000
454.029498,52.343768,4.931185,0.835821,4.260000,325.100006,3.790092,2.500000
455.019498,52.343797,4.931144,0.694604,4.180000,324.799988,3.790092,2.500000
455.995666,52.343824,4.931107,0.740275,3.810000,322.200012,3.790092,2.500000
456.993116,52.343853,4.931070,1.247253,4.260000,326.700012,3.790092,2.500000
458.020583,52.343882,4.931035,0.775595,3.810000,327.600006,3.790092,2.500000
458.998439,52.343913,4.931001,1.056930,4.220000,329.000000,3.790092,2.500000
459.995563,52.343946,4.930968,1.824902,4.240000,329.600006,3.790092,2.500000
460.993467,52.343977,4.930932,1.779576,4.020000,327.200012,3.790092,2.500000
461.993858,52.344007,4.930895,1.599422,4.060000,326.700012,3.790092,2.500000
462.992367,52.344035,4.930856,1.285535,3.830000,322.299988,3.790092,2.500000
464.000817,52.344062,4.930814,0.950650,4.080000,321.899994,3.790092,2.500000
464.990212,52.344088,4.930772,0.983561,3.920000,319.399994,3.790092,2.500000
465.990737,52.344115,4.930728,1.010795,4.170000,319.000000,3.790092,2.500000
466.999490,52.344141,4.930688,0.391913,3.610000,321.399994,3.790092,2.500000
468.021248,52.344166,4.930653,0.469627,3.680000,322.500000,3.790092,2.500000
468.994430,52.344193,4.930615,0.119544,4.070000,320.899994,3.790092,2.500000
469.993117,52.344220,4.930571,0.493093,4.220000,317.799988,3.790092,2.500000
470.991183,52.344244,4.930526,0.333800,3.930000,314.299988,3.790092,2.500000
471.999623,52.344267,4.930483,0.480840,3.740000,313.500000,3.790092,2.500000
472.994069,52.344290,4.930442,0.563796,3.580000,315.700012,3.790092,2.500000
473.993676,52.344315,4.930400,0.878384,4.180000,317.299988,3.790092,2.500000
474.989076,52.344343,4.930357,0.827006,3.990000,318.299988,3.790092,2.500000
475.993714,52.344370,4.930317,0.701534,3.820000,318.600006,3.790092,2.500000
476.991966,52.344395,4.930278,0.807077,3.700000,317.399994,3.790092,2.500000
477.997313,52.344422,4.930241,0.501858,3.700000,321.299988,3.790092,2.500000
478.993886,52.344450,4.930206,0.445970,3.810000,322.600006,3.790092,2.500000
479.994201,52.344477,4.930175,0.139104,3.320000,325.799988,3.790092,2.500000
480.995529,52.344505,4.930140,0.299707,4.090000,324.700012,3.790092,2.500000
482.019963,52.344533,4.930101,0.025860,3.920000,319.600006,3.790092,2.500000
482.997847,52.344556,4.930060,0.155508,3.510000,312.500000,3.790092,2.500000
484.000022,52.344580,4.930015,-0.193300,4.320000,311.500000,3.790092,2.500000
484.996325,52.344605,4.929970,0.329903,3.510000,316.000000,3.790092,2.500000
485.994840,52.344633,4.929928,1.425255,4.390000,321.399994,3.790092,2.500000
487.001301,52.344661,4.929886,0.529948,3.660000,319.899994,3.790092,2.500000
488.016474,52.344690,4.929841,1.464228,4.430000,317.700012,3.790092,2.500000
488.993720,52.344720,4.929796,1.220775,4.110000,318.899994,3.790092,2.500000
490.000414,52.344748,4.929750,1.513819,4.350000,316.899994,3.790092,2.500000
490.996545,52.344776,4.929704,1.668738,4.020000,315.299988,3.790092,2.500000
491.994502,52.344802,4.929657,2.165453,4.200000,312.799988,3.790092,2.500000
492.992781,52.344828,4.929612,1.539059,3.970000,315.299988,3.790092,2.500000
493.995869,52.344854,4.929571,1.213573,3.870000,318.100006,3.790092,2.500000
494.994289,52.344883,4.929533,2.040069,4.010000,322.700012,3.790092,2.500000
495.995496,52.344911,4.929498,1.805836,3.540000,324.200012,3.790092,2.500000
496.995285,52.344939,4.929458,1.438544,4.290000,320.600006,3.790092,2.500000
498.023473,52.344967,4.929415,1.043843,3.880000,317.799988,3.790092,2.500000
498.999045,52.344991,4.929375,1.068025,3.630000,317.299988,3.790092,2.500000
499.993270,52.345017,4.929340,1.259814,3.710000,322.600006,3.790092,2.500000
501.002174,52.345048,4.929301,1.916208,4.250000,323.899994,3.790092,2.500000
501.992921,52.345080,4.929262,2.039888,4.100000,323.000000,3.790092,2.500000
502.994146,52.345111,4.929222,1.478141,4.180000,321.700012,3.790092,2.500000
503.993506,52.345141,4.929184,1.485425,3.810000,323.500000,3.790092,2.500000
504.992630,52.345170,4.929144,2.104828,4.270000,322.600006,3.790092,2.500000
505.998868,52.345201,4.929106,1.122184,3.790000,322.799988,3.790092,2.500000
506.993157,52.345227,4.929067,1.465522,3.900000,316.700012,3.790092,2.500000
507.992839,52.345255,4.929029,1.425501,3.890000,321.700012,3.790092,2.500000
508.999226,52.345282,4.928994,2.028546,3.410000,320.200012,3.790092,2.500000
509.996859,52.345309,4.928957,2.042356,3.900000,320.700012,3.790092,2.500000
511.019145,52.345336,4.928917,1.833022,3.800000,316.799988,3.790092,2.500000
511.992795,52.345363,4.928878,1.775970,4.030000,317.600006,3.790092,2.500000
512.992545,52.345391,4.928841,1.992297,3.700000,322.200012,3.790092,2.500000
513.993015,52.345419,4.928809,2.269113,3.540000,324.500000,3.790092,2.500000
514.993196,52.345445,4.928777,1.938443,3.320000,323.899994,3.790092,2.500000
516.000601,52.345469,4.928745,1.100629,3.490000,321.000000,3.790092,2.500000
516.995058,52.345494,4.928711,1.180907,3.240000,320.299988,3.790092,2.500000
517.992915,52.345521,4.928675,1.234390,3.960000,320.500000,3.790092,2.500000
518.992348,52.345550,4.928638,2.069921,3.910000,324.399994,3.790092,2.500000
519.994462,52.345577,4.928605,2.324395,3.200000,322.399994,3.790092,2.500000
520.991290,52.345600,4.928576,2.188181,3.110000,323.600006,3.790092,2.500000
521.993968,52.345623,4.928547,2.026699,3.080000,322.399994,3.790092,2.500000
522.993677,52.345647,4.928515,1.379619,3.410000,323.000000,3.790092,2.500000
523.993907,52.345675,4.928478,2.083373,3.980000,322.299988,3.790092,2.500000
524.995958,52.345703,4.928439,2.114763,3.580000,320.799988,3.790092,2.500000
525.993838,52.345729,4.928404,2.576205,3.380000,321.500000,3.790092,2.500000
526.995062,52.345749,4.928371,1.272504,2.550000,311.299988,3.790092,2.500000
528.001352,52.345771,4.928339,1.954217,3.230000,319.100006,3.790092,2.500000
528.992749,52.345796,4.928302,2.433786,3.510000,319.700012,3.790092,2.500000
529.990840,52.345824,4.928266,3.518399,3.720000,324.899994,3.790092,2.500000
530.997027,52.345849,4.928235,2.581405,2.740000,320.600006,3.790092,2.500000
531.992238,52.345871,4.928205,2.452024,2.880000,318.299988,3.790092,2.500000
533.020151,52.345894,4.928172,2.337536,3.230000,317.000000,3.790092,2.500000
533.994208,52.345921,4.928134,2.546842,3.790000,319.100006,3.790092,2.500000
534.996377,52.345947,4.928100,2.337021,3.040000,320.600006,3.790092,2.500000
536.008744,52.345970,4.928071,2.206361,2.960000,321.700012,3.790092,2.500000
536.993412,52.345993,4.928038,1.643447,3.490000,318.600006,3.790092,2.500000
537.998882,52.346017,4.928003,1.391324,3.220000,317.299988,3.790092,2.500000
539.029865,52.346041,4.927968,2.164593,3.310000,316.899994,3.790092,2.500000
539.990624,52.346067,4.927934,2.408934,3.540000,320.200012,3.790092,2.500000
540.996787,52.346093,4.927899,2.696854,3.330000,318.600006,3.790092,2.500000
541.998629,52.346118,4.927868,2.925875,2.990000,319.100006,3.790092,2.500000
542.994713,52.346144,4.927836,3.366568,3.790000,321.100006,3.790092,2.500000
543.994259,52.346173,4.927803,3.536328,3.570000,323.700012,3.790092,2.500000
544.998208,52.346199,4.927775,3.281100,3.130000,324.799988,3.790092,2.500000
545.991972,52.346227,4.927745,4.000544,3.820000,323.500000,3.790092,2.500000
546.998038,52.346255,4.927713,4.009232,3.430000,324.399994,3.790092,2.500000
547.998424,52.346279,4.927681,4.513338,3.470000,320.700012,3.790092,2.500000
548.997701,52.346304,4.927646,4.515672,3.540000,319.299988,3.790092,2.500000
549.999010,52.346328,4.927610,4.847290,3.520000,318.700012,3.790092,2.500000
550.995152,52.346352,4.927575,4.745069,3.330000,320.100006,3.790092,2.500000
552.002146,52.346377,4.927537,4.807767,3.960000,319.799988,3.790092,2.500000
552.996844,52.346403,4.927495,5.132182,3.800000,318.000000,3.790092,2.500000
553.995306,52.346427,4.927453,5.259511,3.720000,316.600006,3.790092,2.500000
555.001783,52.346453,4.927410,5.507753,3.950000,317.500000,3.790092,2.500000
555.996176,52.346479,4.927368,5.072340,3.690000,318.399994,3.790092,2.500000
556.995991,52.346504,4.927328,5.018521,3.730000,320.000000,3.790092,2.500000
557.997265,52.346530,4.927289,5.015605,3.750000,319.200012,3.790092,2.500000
558.996961,52.346557,4.927250,4.925837,3.840000,320.500000,3.790092,2.500000
559.996794,52.346584,4.927211,4.561290,3.870000,320.899994,3.790092,2.500000
560.994251,52.346610,4.927173,4.385464,3.740000,322.200012,3.790092,2.500000
561.999686,52.346635,4.927137,3.916057,3.720000,320.200012,3.790092,2.500000
563.030369,52.346660,4.927100,3.904963,3.780000,318.899994,3.790092,2.500000
563.998063,52.346685,4.927061,3.928109,3.840000,317.000000,3.790092,2.500000
564.991844,52.346710,4.927022,3.895345,3.770000,317.200012,3.790092,2.500000
566.000130,52.346735,4.926984,3.896763,3.830000,318.399994,3.790092,2.500000
566.995517,52.346761,4.926947,3.925160,3.800000,319.200012,3.790092,2.500000
567.994836,52.346788,4.926910,4.248114,3.780000,319.200012,3.790092,2.500000
569.020577,52.346813,4.926874,4.572836,3.640000,318.000000,3.790092,2.500000
570.000355,52.346838,4.926839,4.364233,3.550000,318.700012,3.790092,2.500000
570.997839,52.346863,4.926806,4.459464,3.660000,320.200012,3.790092,2.500000
572.019120,52.346888,4.926774,4.245492,3.340000,322.600006,3.790092,2.500000
573.011450,52.346912,4.926742,4.036707,3.560000,322.700012,3.790092,2.500000
574.008261,52.346937,4.926711,3.037273,3.090000,324.399994,3.790092,2.500000
575.025943,52.346960,4.926673,3.280815,3.770000,317.299988,3.790092,2.500000
575.995607,52.346978,4.926627,2.582267,3.480000,307.399994,3.790092,2.500000
576.992395,52.346989,4.926576,2.184730,3.520000,290.299988,3.790092,2.500000
577.993591,52.346992,4.926524,2.109083,3.200000,280.399994,3.790092,2.500000
579.019033,52.346989,4.926467,1.893408,4.030000,269.200012,3.790092,2.500000
579.997546,52.346984,4.926409,2.143673,3.560000,268.799988,3.790092,2.500000
580.991734,52.346979,4.926352,2.552203,3.950000,267.899994,3.790092,2.500000
581.993133,52.346978,4.926296,2.601302,3.580000,273.399994,3.790092,2.500000
583.000344,52.346979,4.926241,2.253188,3.640000,275.100006,3.790092,2.500000
584.020254,52.346981,4.926185,2.512437,3.800000,276.899994,3.790092,2.500000
584.992906,52.346985,4.926128,2.646626,3.770000,277.000000,3.790092,2.500000
585.995890,52.346990,4.926070,3.289667,3.850000,278.100006,3.790092,2.500000
587.034749,52.346999,4.926016,2.675512,3.750000,285.200012,3.790092,2.500000
588.001157,52.347018,4.925968,2.835545,4.000000,303.200012,3.790092,2.500000
588.997714,52.347042,4.925927,3.424912,3.500000,315.600006,3.790092,2.500000
589.996496,52.347070,4.925891,4.416325,3.840000,321.000000,3.790092,2.500000
590.995087,52.347100,4.925853,4.412134,3.830000,317.200012,3.790092,2.500000
591.995973,52.347128,4.925813,4.201030,3.770000,317.700012,3.790092,2.500000
593.017997,52.347155,4.925776,4.209531,3.650000,318.799988,3.790092,2.500000
593.993430,52.347183,4.925740,4.986528,3.850000,320.899994,3.790092,2.500000
594.993117,52.347211,4.925703,4.863316,3.880000,320.200012,3.790092,2.500000
595.987622,52.347238,4.925669,5.884392,3.450000,320.899994,3.790092,2.500000
596.994976,52.347265,4.925634,5.784007,3.860000,320.100006,3.790092,2.500000
598.004104,52.347294,4.925596,6.017180,3.980000,321.200012,3.790092,2.500000
599.007096,52.347322,4.925559,5.896654,3.750000,320.500000,3.790092,2.500000
599.992450,52.347348,4.925525,5.875493,3.520000,322.000000,3.790092,2.500000
600.992203,52.347374,4.925491,5.608421,3.640000,322.299988,3.790092,2.500000
602.001801,52.347403,4.925455,5.406414,4.060000,322.299988,3.790092,2.500000
602.993062,52.347430,4.925418,6.053527,3.810000,321.000000,3.790092,2.500000
604.002911,52.347462,4.925378,6.432211,4.430000,324.500000,3.790092,2.500000
604.998370,52.347496,4.925345,7.078420,3.760000,331.299988,3.790092,2.500000
605.999878,52.347534,4.925330,7.159520,4.410000,346.899994,3.790092,2.500000
606.996087,52.347575,4.925329,6.716096,3.930000,0.300000,3.790092,2.500000
608.009617,52.347614,4.925338,6.695343,4.230000,7.700000,3.790092,2.500000
608.996639,52.347653,4.925348,7.012665,4.130000,5.400000,3.790092,2.500000
609.994086,52.347691,4.925354,6.678859,4.200000,1.700000,3.790092,2.500000
610.995242,52.347728,4.925359,6.991781,4.120000,2.700000,3.790092,2.500000
611.994737,52.347765,4.925360,6.829542,3.880000,359.500000,3.790092,2.500000
612.993191,52.347799,4.925356,6.259092,3.750000,354.500000,3.790092,2.500000
613.997770,52.347832,4.925337,6.314121,4.080000,337.399994,3.790092,2.500000
614.994840,52.347862,4.925304,6.213315,4.020000,325.899994,3.790092,2.500000
615.994657,52.347889,4.925264,5.903271,4.030000,318.500000,3.790092,2.500000
616.987725,52.347914,4.925222,5.898156,3.940000,318.100006,3.790092,2.500000
617.998323,52.347940,4.925181,5.686072,4.010000,318.299988,3.790092,2.500000
618.991883,52.347967,4.925139,5.636830,4.110000,318.799988,3.790092,2.500000
619.993786,52.347994,4.925098,5.584599,4.100000,318.600006,3.790092,2.500000
620.991142,52.348021,4.925056,5.667804,4.120000,318.399994,3.790092,2.500000
621.994733,52.348048,4.925015,5.601718,4.090000,318.500000,3.790092,2.500000
623.000430,52.348077,4.924974,5.875111,4.200000,319.399994,3.790092,2.500000
623.990892,52.348105,4.924932,5.787297,4.260000,318.299988,3.790092,2.500000
624.999425,52.348131,4.924890,5.597431,3.980000,317.899994,3.790092,2.500000
625.995397,52.348157,4.924850,5.593355,3.940000,316.299988,3.790092,2.500000
626.998104,52.348182,4.924808,5.551252,3.870000,315.600006,3.790092,2.500000
627.991348,52.348206,4.924767,5.297112,3.790000,315.000000,3.790092,2.500000
628.997555,52.348229,4.924725,5.256715,3.780000,313.500000,3.790092,2.500000
629.990469,52.348252,4.924684,5.309336,3.680000,313.700012,3.790092,2.500000
630.989138,52.348273,4.924642,5.209306,3.680000,311.100006,3.790092,2.500000
632.004329,52.348294,4.924599,5.217916,3.700000,310.100006,3.790092,2.500000
632.993752,52.348315,4.924552,5.158531,3.920000,307.500000,3.790092,2.500000
633.997989,52.348335,4.924505,5.161342,3.910000,308.100006,3.790092,2.500000
634.998269,52.348356,4.924461,5.120575,3.850000,308.100006,3.790092,2.500000
635.992431,52.348377,4.924415,5.153536,3.890000,306.899994,3.790092,2.500000
636.998890,52.348396,4.924368,5.159396,3.900000,304.000000,3.790092,2.500000
638.035972,52.348415,4.924318,5.271698,4.000000,302.100006,3.790092,2.500000
638.996550,52.348433,4.924268,5.195706,3.890000,300.299988,3.790092,2.500000
639.990232,52.348450,4.924217,5.231956,3.940000,299.799988,3.790092,2.500000
640.994749,52.348466,4.924167,5.203630,3.800000,298.600006,3.790092,2.500000
641.993614,52.348483,4.924117,5.126232,3.900000,299.399994,3.790092,2.500000
642.996472,52.348499,4.924066,5.224187,3.790000,297.299988,3.790092,2.500000
643.997674,52.348513,4.924014,5.201655,3.770000,293.700012,3.790092,2.500000
645.001124,52.348524,4.923962,5.072797,3.640000,290.700012,3.790092,2.500000
645.999054,52.348535,4.923910,4.950955,3.710000,289.399994,3.790092,2.500000
646.996713,52.348545,4.923859,4.903150,3.620000,289.200012,3.790092,2.500000
648.002899,52.348555,4.923807,5.017819,3.740000,288.500000,3.790092,2.500000
649.033768,52.348564,4.923753,5.101907,3.810000,287.700012,3.790092,2.500000
649.998775,52.348573,4.923700,4.963218,3.760000,288.000000,3.790092,2.500000
651.017503,52.348583,4.923649,4.851630,3.560000,289.700012,3.790092,2.500000
652.028802,52.348594,4.923599,4.298150,3.660000,290.799988,3.790092,2.500000
653.029946,52.348602,4.923547,4.559058,3.740000,286.200012,3.790092,2.500000
654.031720,52.348608,4.923492,4.523573,3.860000,281.500000,3.790092,2.500000
655.001420,52.348612,4.923434,4.513779,3.980000,276.799988,3.790092,2.500000
655.991026,52.348615,4.923375,5.126542,4.020000,278.399994,3.790092,2.500000
656.994383,52.348619,4.923316,5.036487,4.020000,278.200012,3.790092,2.500000
657.993417,52.348622,4.923257,4.731709,4.040000,278.000000,3.790092,2.500000
658.993778,52.348624,4.923199,4.708791,3.970000,275.700012,3.790092,2.500000
659.993127,52.348625,4.923142,4.712543,3.950000,273.799988,3.790092,2.500000
661.018235,52.348625,4.923086,4.080980,3.690000,271.000000,3.790092,2.500000
661.996629,52.348623,4.923029,3.759289,3.930000,268.799988,3.790092,2.500000
663.019150,52.348621,4.922974,3.380959,3.670000,268.600006,3.790092,2.500000
664.028865,52.348619,4.922917,3.227175,4.010000,267.399994,3.790092,2.500000
664.993810,52.348617,4.922858,3.036221,3.880000,266.700012,3.790092,2.500000
665.993179,52.348614,4.922801,3.210866,3.890000,263.899994,3.790092,2.500000
667.022159,52.348610,4.922745,3.126540,3.790000,264.799988,3.790092,2.500000
668.001392,52.348608,4.922690,2.936502,3.720000,264.500000,3.790092,2.500000
668.996521,52.348605,4.922634,2.787846,3.830000,264.600006,3.790092,2.500000
670.000608,52.348603,4.922578,2.887602,3.830000,264.500000,3.790092,2.500000
671.008572,52.348599,4.922520,2.895864,3.970000,262.899994,3.790092,2.500000
672.001088,52.348593,4.922463,2.767832,3.910000,261.299988,3.790092,2.500000
673.024395,52.348587,4.922406,2.839996,3.940000,260.000000,3.790092,2.500000
674.029508,52.348580,4.922350,2.494434,3.860000,258.500000,3.790092,2.500000
674.997577,52.348573,4.922295,2.501960,3.870000,258.100006,3.790092,2.500000
675.999441,52.348565,4.922240,2.694666,3.840000,256.500000,3.790092,2.500000
676.999769,52.348558,4.922184,2.496137,3.890000,258.100006,3.790092,2.500000
677.995525,52.348551,4.922127,2.409120,3.970000,259.500000,3.790092,2.500000
678.992620,52.348544,4.922068,2.404621,4.080000,258.299988,3.790092,2.500000
679.994297,52.348536,4.922009,2.366917,3.960000,258.100006,3.790092,2.500000
680.993412,52.348528,4.921951,2.235219,4.010000,255.600006,3.790092,2.500000
681.993094,52.348520,4.921892,2.334050,4.110000,257.399994,3.790092,2.500000
682.996602,52.348512,4.921832,2.394490,4.060000,256.000000,3.790092,2.500000
683.996595,52.348504,4.921774,2.399207,3.960000,257.299988,3.790092,2.500000
684.997335,52.348496,4.921717,2.429681,3.930000,256.899994,3.790092,2.500000
686.022793,52.348489,4.921660,2.464062,3.940000,257.600006,3.790092,2.500000
686.999482,52.348482,4.921605,2.164398,3.780000,255.899994,3.790092,2.500000
687.993221,52.348474,4.921552,2.080250,3.770000,253.899994,3.790092,2.500000
689.000980,52.348463,4.921501,2.084294,3.670000,249.399994,3.790092,2.500000
689.999066,52.348451,4.921455,1.770896,3.330000,244.600006,3.790092,2.500000
691.029727,52.348432,4.921412,1.749604,3.980000,234.000000,3.790092,2.500000
692.000858,52.348406,4.921375,1.927342,3.700000,222.699997,3.790092,2.500000
693.001257,52.348376,4.921352,2.352213,3.620000,207.800003,3.790092,2.500000
693.992502,52.348349,4.921339,2.788264,2.540000,201.000000,3.790092,2.500000
694.998580,52.348334,4.921328,3.438565,2.010000,212.300003,3.790092,2.500000
695.992550,52.348324,4.921307,4.299440,2.150000,240.000000,3.790092,2.500000
696.993576,52.348322,4.921276,4.723492,2.260000,265.399994,4.020467,2.559786
697.997795,52.348326,4.921240,4.683254,2.490000,270.200012,4.170437,2.699947
698.998539,52.348334,4.921204,5.195758,2.380000,282.799988,4.152361,2.811247
699.995208,52.348340,4.921165,4.964177,2.810000,280.799988,4.272367,3.093137
700.996251,52.348345,4.921125,5.073718,2.640000,277.399994,4.438540,3.343158
701.993423,52.348347,4.921083,5.140346,2.860000,272.700012,4.512313,3.537021
702.996447,52.348347,4.921037,5.390016,3.090000,272.100006,3.940523,3.285705
703.994164,52.348348,4.920990,4.993994,2.970000,271.000000,3.790092,3.101376
705.000259,52.348349,4.920950,4.973647,2.370000,273.899994,3.863262,3.278141
705.997584,52.348351,4.920913,5.033565,2.340000,278.899994,4.011570,3.435580
706.994500,52.348353,4.920883,5.350445,1.500000,270.500000,4.387784,3.614887
708.001508,52.348352,4.920863,5.396270,1.050000,270.500000,4.492197,3.541587
709.000236,52.348349,4.920846,6.522965,1.020000,270.399994,4.450052,3.561500
709.998264,52.348344,4.920827,6.892210,1.340000,273.600006,4.196060,3.425837
710.997350,52.348341,4.920803,7.180705,1.550000,278.700012,4.410517,3.355492
711.995617,52.348331,4.920768,7.181463,2.920000,246.699997,3.977631,2.864422
712.997747,52.348317,4.920729,6.252893,2.440000,252.399994,3.790092,2.500000
713.995791,52.348300,4.920693,6.118084,2.630000,244.199997,3.790092,2.500000
714.999089,52.348283,4.920658,6.016781,2.690000,246.300003,3.804975,2.500000
715.994694,52.348262,4.920621,6.142585,2.950000,240.100006,4.006479,2.500000
716.991738,52.348240,4.920579,6.530286,3.260000,243.100006,3.790092,2.500000
718.023435,52.348219,4.920537,6.319661,3.050000,242.699997,3.790092,2.500000
718.999100,52.348200,4.920496,6.435395,3.040000,246.000000,3.809722,2.500000
720.000693,52.348184,4.920454,6.335921,3.110000,246.100006,3.790092,2.500000
720.994801,52.348169,4.920410,6.336118,3.070000,249.000000,3.790092,2.500000
722.019866,52.348154,4.920369,6.272231,2.890000,248.199997,3.790092,2.500000
722.997749,52.348140,4.920326,6.242096,3.300000,249.300003,3.790092,2.500000
723.992966,52.348126,4.920282,6.001756,3.210000,247.699997,3.790092,2.500000
724.994060,52.348113,4.920238,5.999880,3.250000,250.300003,3.790092,2.500000
725.998749,52.348101,4.920194,5.648398,3.100000,250.000000,3.790092,2.500000
726.995100,52.348090,4.920153,5.575239,2.770000,250.600006,3.790092,2.500000
727.995961,52.348081,4.920117,5.161509,2.420000,253.100006,3.790092,2.500000
728.990928,52.348074,4.920079,4.799173,2.640000,256.600006,3.790092,2.500000
729.990014,52.348071,4.920048,5.042498,1.460000,249.800003,3.790092,2.500000
730.989574,52.348081,4.920012,6.737254,3.110000,290.100006,3.790092,2.500000
732.033563,52.348104,4.919978,6.880822,3.010000,324.500000,3.790092,2.500000
732.997906,52.348131,4.919959,6.886952,2.480000,336.700012,3.790092,2.500000
734.002010,52.348142,4.919949,7.090148,0.690000,337.700012,3.790092,2.500000
735.019339,52.348144,4.919930,7.453727,1.960000,337.700012,4.038891,2.500000
736.041014,52.348141,4.919903,7.659701,1.620000,337.700012,5.161531,3.204837
736.997450,52.348126,4.919868,8.007133,2.940000,243.699997,6.660287,3.981080
737.994892,52.348101,4.919825,8.806327,3.700000,231.699997,8.057677,4.682344
738.994076,52.348074,4.919790,9.540157,2.790000,223.100006,9.322242,5.608153
740.021856,52.348051,4.919760,9.528632,3.110000,224.899994,11.762525,6.595967
740.995135,52.348046,4.919723,9.116861,2.380000,237.699997,14.168149,7.604734
742.020272,52.348065,4.919674,8.808754,2.830000,261.399994,17.356413,8.543362
742.995373,52.348097,4.919643,5.164312,0.760000,278.700012,15.176141,9.468508
743.997842,52.348129,4.919627,5.303569,0.470000,277.600006,16.075949,10.270670
744.999222,52.348204,4.919607,5.432692,0.000000,NaN,16.265228,12.603292
745.998055,52.348251,4.919615,4.467553,2.040000,55.599998,16.862923,13.340930
746.992413,52.348296,4.919636,0.244667,0.430000,23.799999,13.949693,11.934439
748.023205,52.348498,4.919670,2.393716,3.380000,333.200012,10.036166,9.894623
748.999417,52.348535,4.919672,1.474518,2.750000,340.100006,8.305646,8.663703
749.997672,52.348572,4.919671,3.362938,3.290000,340.500000,6.894312,7.587713
750.995053,52.348608,4.919655,4.286441,3.240000,333.600006,6.330360,7.271524
752.014135,52.348641,4.919638,4.399393,3.130000,333.000000,5.870391,6.781865
752.990405,52.348670,4.919625,5.568861,2.440000,333.200012,5.572356,5.861654
753.993004,52.348697,4.919618,7.511460,2.240000,341.600006,5.211429,5.555711
754.991663,52.348723,4.919612,7.830403,2.300000,341.799988,5.616792,5.373881
755.993245,52.348749,4.919603,7.700612,2.460000,338.700012,6.242086,5.423776
756.997287,52.348779,4.919586,7.849448,3.330000,333.500000,6.938697,5.496270
757.997863,52.348809,4.919557,7.641100,3.340000,325.799988,5.550952,5.070016
758.994241,52.348835,4.919521,7.715824,3.350000,317.799988,5.322015,4.867521
759.993571,52.348860,4.919485,7.152240,3.470000,320.000000,5.366929,4.926597
760.997532,52.348884,4.919456,7.605810,3.020000,326.200012,6.139167,5.301359
761.993750,52.348904,4.919423,7.818100,3.160000,326.799988,5.480269,5.141700
762.994756,52.348922,4.919391,8.096183,2.740000,322.399994,5.405809,5.201673
763.997695,52.348935,4.919357,8.542654,2.810000,319.299988,4.838413,4.947959
764.992521,52.348946,4.919325,8.595935,2.160000,323.600006,4.969326,4.923885
766.003054,52.348960,4.919294,8.670461,3.200000,326.100006,4.124076,4.494873
766.997202,52.348975,4.919266,8.525386,2.300000,327.000000,4.631529,4.668739
768.018837,52.348967,4.919249,8.416478,0.000000,NaN,4.102997,4.615484
768.992194,52.348957,4.919243,8.911028,0.000000,NaN,4.086847,4.517672
